address,weight
0x0003cb0009e52e6ca64b4744a1601e9f1d6ef130,1
0x0033e693e3d3e4af1c77978f4ff75420776acf0a,1
0x00432772ed25d4eb3c6eb26dc461239b35cf8760,1
0x00493aa44bcfd6f0c2ecc7f8b154e4fb352d1c81,3
0x0058dd50c91d60f0a973fe15fb40e4430f4daa08,2
0x006949f2f1b70d35afda9ded6cb9f3e152fa031b,2
0x006a8a496889e9983a5256f34b608ee9569ba319,1
0x006e88f3893a623ed17f891fad98026395ff757b,1
0x0078dcf16bd12320bab31a856e9497245ff50bfc,1
0x009da689fe16166448b0d6c0f5d2f82033a16b8a,2
0x00b55eed88b14bf65b422dfa07fbc4941fc0178f,2
0x00cdebc042c87c95e439e1aefa0bd3a8014da577,1
0x00db4d01c8953a707239dc168e466f64dd97fe9c,2
0x00e9114dbfeb686eb736f78aa481ed0528e200a8,2
0x014607f2d6477badd9d74bf2c5d6356e29a9b957,3
0x015122a625b45f68e6d795c0ab99fc7107e4c3b9,1
0x018a3833ccc9d365195441c32e2202f2cc9e5f16,5
0x0199be12d6f574db4a55b061653bec89bff62af7,1
0x019edcb493bd91e2b25b70f26d5d9041fd7ef946,1
0x01ab07010c2f4bf5971537669cc19d5d8cf320a0,1
0x01b40d0a3bf03e3865d46a23fc84a819fbf2f473,2
0x01b51395a41c791da6d0cf6b5da6a58c8350ed05,1
0x01b86aeebcd1ff94ac1195cfc8fd9e39db24db45,1
0x01e863c402f2e901ba264c3b0b2d6b8606eff2ba,1
0x01ec4a63e8bd579e1a2cea4763cf3a5da5e48e8b,1
0x01f92621addbd8b688fe6539f6a69a0f892502ec,1
0x023320e0c9ac45644c3305ce574360e901c7f582,1
0x02435fb305d2bba609e044279c50498abe279380,2
0x0279e4db6596933aab0d7d3a11c74b01fd44e344,1
0x02fa893cd8fcfac3587e462e3faa5aa29946fc06,2
0x033e21b02373489ff2f7a2c2f1b109a1bc6158ad,2
0x03853b09108931c5c8ff9b1a7de689e7e76e7711,3
0x038591b6f402534863f66e07135533c063ba03c2,1
0x03894d4ac41dd6c4c2f524ed4417c90fa46972c6,3
0x03d1ee0729188eca4c614f2c123db63639b2d018,1
0x0426b2f8e43deb95ad7a840f8c2a517ee33c6fb1,1
0x046abfc06897e8a86542047d6b22e931fe99bee5,1
0x049808d5eaa90a2665b9703d2246dded34f1eb73,3
0x04adcb18c1ebaf21018cef1a7d185d410ddd4df9,1
0x04bbb7ea18ea570ae47d4489991645e4e49bbf37,3
0x04dfb55f65e89aaf26bf198ed87fb77a8a2b7260,2
0x05144b6eba04f846513c4e29812722f9397ee30a,1
0x051650190c3a27c5187c537d55bac90553286294,1
0x0516cf37b67235e07af38ad8e388d0e68089b0f2,1
0x05330bd13edbd6bb1f1ebede8d9f8b0fa592f0ad,1
0x053671da56cb9f5c55698244c95fcf1c706a54e7,1
0x054ba12713290ef5b9236e55944713c0edeb4cf4,1
0x0590c193aa1e23849263ff52ef769f4cddb6e947,2
0x05a286e5165d72823a749b00b009a2af0dc36ff7,2
0x05dcaa0657a159291bdd5b4e2f0514df4fbc9fbf,1
0x05f7f81ef8b158be44b96a3a3bd5351bdf28946c,1
0x0678e836c26abcfcd2b7e49559aa1a8b0f3ad36a,1
0x068484f7bd2b7d7c5a698d89e75ddcaf3a92b879,1
0x069562b6ce700aa824c3099a44a27416f76daef6,1
0x06ab7b6155f5fe588d02aa18fcf8d6fa11e71b2b,1
0x06bc596fb16734f7abc3a5996b580be932c2fb72,1
0x06c2c4db3776d500636de63e4f109386dcba6ae2,1
0x06c4865ab16c9c760622f19a313a2e637e2e66a2,1
0x06e8dedf9e1adb1eba32f36ea9223770ba378b77,5
0x06f398ce76acc1fce97b7cab0eb2a96ba9230c9b,3
0x070341aa5ed571f0fb2c4a5641409b1a46b4961b,1
0x071158363a80220cc3cd2168e0b3ecfa7cde6107,2
0x0752f0401371314f1ceb83fa93cdd2a99ac42a77,1
0x07722608a61d9014462d3cb0bf00420fe8a5adff,1
0x07726d7e4ed80c8c64a8dd27e64f876bd4225744,1
0x078ad5270b0240d8529f600f35a271fc6e2b2bd8,1
0x07c2af75788814ba7e5225b2f5c951ed161cb589,3
0x07ddd6614cb4f5adc576df8545635ab50b01cd70,2
0x07e6509914f956becec902265a6cf36f15a98e29,2
0x07e9d06db58a77407db95d93fbe1275a46f97463,1
0x07eb5c84daaa840a3fee3896f28111ef42c5792e,1
0x07f0571566e4b07ea825798a70fd67fe79077f4e,2
0x080a75c96bf646cd9f78aaf8c9869a510e9c68bb,1
0x085ed975a8b6b860de3c2b871da60a3f9f48a5b8,1
0x0888a60957b55e4c23e66852a0d17290e7ced7e1,1
0x0895703c9c6cf9d5b81cc920918156bce59a01b5,1
0x08b9470d5f6a14b642b120d9c4b5c25638502aa2,1
0x08e5f4670b8e70fe77d952ba0fbbf9f4762aaf73,1
0x08f613db560a38c330414062e1aac22e5f80876f,2
0x08fde0b08e178549fbba1d4c156bc4739434f43c,1
0x0928ae0e403514895b692476f052cecbbdad9ec8,1
0x094e4b82a5722271546cca99c8c351bd840669ae,3
0x097a3a6ce1d77a11bda1ac40c08fdf9f6202103f,1
0x09825ac4fb2189bb789c155633b8a78407d64004,1
0x09a9af114843218a7446929b1183ebec373b2827,2
0x09d57f361f794d150c04443a7b6e369120dc2bea,1
0x09e010bbf41ac73a59668754b263f83f4a49c06e,2
0x09f3da83660926bd0979971a5cd5fd479bd00a45,1
0x09fa8fd60403a6d5d7fcac30bfc5c63f2811ace7,1
0x0a09cd09b0107bb98a83f211704f036eca94b92e,10
0x0a74089362c233f9c1b300c26790e18f06574d9d,1
0x0a916c64bffeecca2f1a73f8d44692e9765dcd79,1
0x0a9c857547fa00f68fc0405bc2470b292f9b376d,1
0x0aba2a9a84b9dbeb1dbdc227773da9b1ea19414a,1
0x0b044f147d51e52452e0f3687ca41170fee730ea,1
0x0b1937f6ee406ca9e44dd99035da38840c242a9d,1
0x0b66da2871b9545eda8082d9f78f09c3e3d7dc5e,1
0x0b844de0132c9c5d780379d0201ba3edf6538754,1
0x0b88576bf902a26f2f08e408ad843321f59cacd2,1
0x0bacbad41a499badcd35ef1b7bdc951a119bbd86,2
0x0bc4ecc2a47413af3552be58bf741fcb04f13bcd,1
0x0bcd81842b22eb005bf0a55e72c971464a8a2606,2
0x0bd438198559d6d90cf1cf1e5d6c015836d03d16,1
0x0c4243ca087f4e4738596f33292064e847da80da,2
0x0c7366af4e462c190dd2be0ad5e4c72d3cc40160,1
0x0c887420937d8f9305ff872eaa5aaf5e379a811a,1
0x0cef60b5f55418a501e08dc6426d0cd70eba8e5f,1
0x0cf30daf2fb962ed1d5d19c97f5f6651f3b691c1,1
0x0d17210ad8c58b9fb47066629f3325ee73648ca0,1
0x0d6e94d085a597f316be1833649e05a45103e873,3
0x0dd807113d19f1089c6cc98c775acde182f93194,1
0x0de92626498717585f06e5bf5b85a7a88872f5b3,1
0x0e4b8a0c697d5695fe63de2da003f1960a5e5956,1
0x0e569d21238a29d82acbee5e51c717bac80a2dd8,3
0x0e815c6156e2be737bd8e81d145d816a517ceba1,2
0x0e8ea7ad139c5eb10c6d1076962617d458d0aed6,2
0x0e9b85b830f694f8a792ba721dffe06c7e256588,1
0x0ea7d69be83460913e8b6428302d468bda585d1b,2
0x0ed7c72398379f60ceec0659e3ad6bfdbaa465a8,2
0x0f03d543f782c99da39552a12e37a443fbd80e70,1
0x0f0b4e2d2dd6abd49406a453d5abaacb1a49abb3,1
0x0f206ced2f276514e2c73d78294028ebaee27d66,1
0x0f4be9f208c552a6b04d9a1222f385785f95beaa,5
0x0fa8e6518e2f5c2fcf5c2d09f8b2ca443bd5b853,1
0x0fb20260d3e8b9d3023ca3a5d3423da7c316e6a8,3
0x0fcf87f1ca8ea435f2517880a33329005c464127,2
0x0ff9b6ab6ec58ceb6d5ae8a1690dd5a0959ad002,1
0x10061123876ceea12642342afe829444b7e0d48a,1
0x102717d982642b294ad4033b04f7b6262dac915f,1
0x10454b05eb75170a20fec4b1ed03586ba8403d20,1
0x106b1319645d45694596f6c7c5d80ffaeb447097,2
0x10c16c7b8b1ddcfe65990ec822de4379dd8a86de,1
0x10c598cf1da2a558561820d9224a7c8535eb24ce,1
0x10d2a2ccddbf3ed58ba4722a30d97660a01ee270,3
0x10f5d45854e038071485ac9e402308cf80d2d2fe,1
0x111ae4d8db445c46b4c342abbbb508519275d3c3,1
0x114b242d931b47d5cdcee7af065856f70ee278c4,1
0x119383b0051e920d6161cee971247d625b8d69cb,1
0x11d15c3dc69018b6e03c061b93bb9295eec50de2,1
0x11d5f45239a2833a0a95596b1317a36cb04b5268,1
0x123316af6862bd440a18e464f4010aa42c8540a6,1
0x1258b93cc472ebe7d97d16947ab82a7189b4dee2,1
0x1289f94bcc60ed9f894ab9d5a54c21b3d4b3f2da,1
0x12b340447509d55e7883a2ecb8c3f59e46f253f7,2
0x12e322ef04da64246412536f8eb60d6a402a59f9,1
0x12ef58947285f01ce8d8ecd90b3ea384b022cd1c,1
0x13224f6760c29f4da18ee3fc5436e64010f0c1b0,3
0x1372eda77df5a048db8af4db3d8680ff56388824,5
0x13838884271ec954cb036d0b29d404afab5eae2a,5
0x139aaf232c99a552890e2c2e71cd0380b01fb2fb,1
0x139f266fcc254e643a021c40cb95ec6459381048,1
0x13bdae8c5f0fc40231f0e6a4ad70196f59138548,10
0x13d75851ba4bc661c8d0e10b7f51bbf95a3e448e,2
0x13dda63c28bb95fe9822fea43ad5feaa966636a9,1
0x13e35b33b929bd96a004ea88d1fec552b205a23b,1
0x14133dd0285c5804646482d4743c048e2a5ae2ec,1
0x1434b95234155da830c20d02548af22f14a38fbe,2
0x1435897bf06becaf783fa3d626d3557f51c4a00d,1
0x1451992f7df4d1819928e87e4f8819d4ac7060cb,1
0x145aa20fe7f57d43e0395afe5aba3bd5b22e1fd3,1
0x14a5eb6a2434407c1d99b610c3070f4458d56be6,1
0x14b889b25e70f60d8dc0aa5f10c83680add61351,3
0x14ca9669a2d8e353560b85474575c5ffde245220,2
0x14cdd1552530ac4c38bf6c4fb31d8822560d15b3,2
0x14ce500a86f1e3ace039571e657783e069643617,3
0x14fd9303bf2386b47c6ad72631fed472a43214c6,1
0x1500aea18ecf78c8508b6d1559e0462f63fe5d15,2
0x15448e7e8002ea3e406e3f900bc71b1f9e5bcbc2,2
0x15479cdae2d3ae2e276e3ac9ece5c2422665ab58,2
0x154db26c46b35002f5ebd7b4a5d18b3290411b70,2
0x1555b33aada7318b09f9bedec86ef312006c4f2d,1
0x15b5d186ce03817f32266e3026fcca45a003aa68,1
0x15bded9ecc12ece06429cb624ac40697b0de57a5,10
0x15bef7bd3a15569b8b70b6b3d6aa30fc0a80317c,1
0x15d693444abd97710437de8b9bc271137994cf5e,1
0x15fab1cc5262d69853b1196f74d38c7fc96fc6d7,3
0x1656454c5e8c8054a25c8f49cd9e60bf25ce1b75,1
0x167e60558162c8fd4e5db25c5dc6c46737b131b2,1
0x167ec339e5539100bc453ac349f012e194bf85a3,1
0x1684c382352fa8992e2d12264b08cbfd8e06b7b1,3
0x16a1f016a5a371ad096be434b287b1151c4d7cb7,1
0x16a3c4ab0db726bee89ad1b563b3eef21c4c0406,3
0x16a3f0f5e1bb0a3fd9c29f2f208ee1b8b2afd94e,1
0x16a8348df50a76d43d00571e6ce50049ea2008f0,1
0x16d03f5033541da2d33998fdf4c83674162ea8bf,1
0x16ff8ad104fa6195260a6d4a3f311c5f120df77d,1
0x1708bdfa333f81993a1edcfec6821a3ec563ea06,2
0x171ea6acdda2cb411e4763d71e91b10d96b64f81,2
0x172b1579093e4fb27cb288146c59489cdca863c6,1
0x1748e6c7332c96521088840de8e80b4e4743ac67,1
0x174c11f64118ea05e03a4ce8e826211c30f30a49,1
0x1765a1b1cf3f083edc084e72301caa51f89e4028,1
0x1768de8f4f23d495c25ee5a25b4e1f8f14670613,1
0x177821cbe97b3eb0a20de1fd534bc7160cbcd76e,1
0x1797c3bcebf8c858a916fcbbd0359f65f5484915,2
0x17a91203a9e9c3519c2f76210497ef7f4be2352f,1
0x17bf77763c67e86724399431ee3e7920b31b0595,1
0x17c65468f4493b53e4e242a9671c91bbf445c1b9,1
0x17dc4aa0227a4d4f3b4196196dc9bfad08ec8e57,1
0x17dfd18987b6b131686fea478600b75d11193335,1
0x17ebee050c312567ad0038c0a703779401cb0fe0,1
0x1824befc17aedbc57991c9d7c7fee1bf18ccce63,1
0x18281a5713b251932ecefb8e8a7e52fad3ab3dfa,1
0x183b55b55127d35d3424e838aad045692045a144,1
0x183bdb344a07ee3d27f07ac4799a56e4a2fe5439,1
0x184f44a581a3fdf67e834cf2a0f193cbdd08a3b9,1
0x18564be77aed882651d2c0c791477bde4a0f8c3d,2
0x185c034bdc0ca1d66dc75650d33dea190315595b,3
0x186bad94057591918c3265c4ddb12874324be8ac,3
0x188cf2786fe9f011056fa4aa1da6870273c493b9,1
0x189309369de66281c05b98acbbb7f893dd6abe3d,1
0x18c18803a9eb6e032f50e97e6637ca8f811cc118,2
0x18c6a47aca1c6a237e53ed2fc3a8fb392c97169b,3
0x18c8f1222083997405f2e482338a4650ac02e1d6,5
0x1915352c98acb70b56af85fd98a93570b1103314,1
0x1918c175bbb4bb33e64e514350b22c8f3f7a5562,1
0x1928785e5582d2866b293c96ca8bf0f7a19a1178,2
0x192bdd30d272aabc2b1c3c719c518f0f2d10cc60,2
0x193641ea463c3b9244cf9f00b77ee5220d4154e9,1
0x195d5c9a18348765f2bd62a7dc8d389554a28d82,2
0x19823530912a2dd909b211c7cdf6a6fd1aa56af9,1
0x19935d31af29c8c7dd7a975b86ea63d712e4270f,1
0x1996ad1b5602e025966d44af0b239915aae17a90,1
0x19a7407430a31a81df83f54b66805402577fadd3,2
0x19e3293196aee99bb3080f28b9d3b4ea7f232b8d,1
0x19f2cdd5aaa2cdebce40caf2005543393b6e3d3c,2
0x1a0b8eb610ed3489b577892950bb6be36358167d,1
0x1a4f547aeacb962b67ec2fa35b803da4f5f9b9d0,2
0x1a5adee23ffbdef58d41c1addac2521ca600b950,2
0x1a706173c9b73b47f23cf81d9845541f828c8b45,1
0x1a8167907256ece255be4563c141c88ee16427ca,3
0x1aaf5e41c2c73617bc120097547a3410caf6718a,3
0x1b20ea8afd7f82fac122683d00e6b598064941b3,1
0x1b35fcb58f5e1e2a42ff8e66ddf5646966abf08c,3
0x1b3dff537b7d46a0d30b1d20b101c483586747aa,1
0x1b4138fa9473dca72f76351858be6dbcfccf34fd,1
0x1b4c3a69ae07d42ba57ef7ae3eba2e924628104d,1
0x1b4cad2cb2ad1b4df797aacf046576a8d75acd45,2
0x1b5b4fcedf1252cd92496a2fd5c593b39ac49b01,1
0x1b63142628311395ceafeea5667e7c9026c862ca,1
0x1b686ee8e31c5959d9f5bbd8122a58682788eead,10
0x1b78284595ed8468608da05aa02933b84c6a4183,1
0x1b8eaf5900941cfcc8323529040a48e129a28905,2
0x1b91ee2cb5213c0ae0d712db6be229d4b2b4e0b0,1
0x1b9da462d07512fa37021973d853b59debb761dd,1
0x1c05decb151a459e8b045a93f472d1b238204094,3
0x1c3be20a226333e26833618b96e9d10aa741da6e,1
0x1c5ef5c3e4a6d6f368b8008faedbe8c078553097,1
0x1c7439cba52557aec3847bc61a963fd02f586f57,1
0x1c85d6ae1336d0e4e3f165bbfa9641bfa04cedb1,1
0x1c8ca94ec89da62c0a069767b1fc98b72f9017c4,2
0x1c95a25459edd226acf8061d40c7fb03716371f7,2
0x1c9eadb67e158ac831c3922ea17e370a99bcc8f4,2
0x1cbb572900d024a5996088758cd45e4b24ad276e,2
0x1ccb144b700ec726d37db38c617e154de6d9c0d0,1
0x1d04e429e74fb808767f40280f93a904ff091954,1
0x1d29756e8f7b091ce6c11a35980de79c7eda5d1f,10
0x1d2f34cd3f7adf2c8ba7c3ebb7f070837d441030,1
0x1d309aa3b2e470911508b9ec6bf12a029ae7729c,1
0x1d7cc75476009dac32b6f5dffce5f282f6a06c07,1
0x1dba1131000664b884a1ba238464159892252d3a,1
0x1dbdfb46085a17c3adb146561efe7b0e43a8b785,2
0x1df2535cf0956abec21c4738534885d3849d6578,1
0x1e0c99996f7d1f6b700784c1f72c7b3d3edd1baf,1
0x1e2d99accc188ffbd77c0d476ff5a6aacfa96ef9,1
0x1e39cc29009ed4760c186d8771295c1e224882d4,1
0x1e51745bdb4436563097833ba83dcc51109d9fa8,1
0x1e5af7b64cecd78f0141450e942f19b1935c495e,1
0x1e857bf05cec1bd14785a2b63751e143e882a451,1
0x1eaaf618c5bd2a34b0b0204f1b71f34090a61bca,1
0x1ead7a809eabca2b8ba1344bf5e69431e9e6f750,1
0x1f51221d0a6a2fd1ca80712f941185bbcbc24e1e,1
0x1f695788cb40ee2cff31694b128599696294fc9a,1
0x1f7ffae0d8237cadcf4f90b71b79d993144bf672,1
0x1fe270065274fdc9c5e178ae48df79d9eda2e767,2
0x2007db9f019db121c8534b3bb779f9fb19282614,1
0x202d3834795fa05b2633f8de5b3bd506960f2b67,1
0x20327e71a92aada0d2327cd455d748b5e11bea5c,2
0x204bfb4889f6370f4627de4056db557527198e66,1
0x2068d14ee50772dd6e89c6f64f32adad0cc936ef,3
0x20ad4f5eec811569287cfaed1cf2e8f793db4c2b,1
0x20c15672768d4d9d21768c498b5e2fb0123b281d,1
0x20db7644ed338c70b67783c2246d2d917dd4aa76,2
0x20ea21b8c700c9186f4f910db0a39578f13156ea,3
0x20eadfcaf91bd98674ff8fc341d148e1731576a4,1
0x20eb6c4f1221c3d3029761c396eceda6114e1a05,2
0x210b0d0694ff95c99dd693dd89cdf2f88de6bec4,2
0x21532d4267648191bef7a33c813c43cf90a6fa78,1
0x2168577af945529fc223e3a2f6d55cc68d8f294a,1
0x2169ec73eeb5287ed3180b401b6383beaf5a2011,1
0x219566c1a2c9642814280998f7b8d26ced457b9a,1
0x21aba71724de1114a0226d7de9e7b2c01d77067a,2
0x21c0a2c88df089de73f09b0ad33a2cd76b9b69ee,1
0x21d5e578dc101a132b1457f8a696e8eeff97a4b1,1
0x21fa2cf8e56b9938402a7e08703bfbe4be0943fb,1
0x2229b56cbe20dd9e3dd8c0f45dd84d6d4159c3d9,1
0x2238287464bfd7a2dc2b29fe4116365e39aa69c5,1
0x2247dc43cdcdd4b7594f9b0bcc8117b9a6d52377,2
0x22510fe99f63ae03ba792c21a29ec10fd87cae08,1
0x225e1efc9b026d3f46b9f437633bd379bdb1766e,1
0x2272a321f0151189d66881f5c0971899897ef71b,2
0x22f2a6be015a3951cf75d4883167b9f79699cd4b,2
0x237c8aea434de4784d23d145069c6d0bef629a19,2
0x23c910023a65a2a18f0b5c8ad1206530d75ce0f7,1
0x23fb34f91ce9dc6d8b0051baaba39c16a1352222,1
0x2416160f6ca04751ac71361f11bce8d978ee7b88,1
0x242abfb687141b75e4d7a271b839b2ced04bbb5d,2
0x2437db820de92d8dd64b524954fa0d160767c471,1
0x245b0a88060d9e992e7950922c86fea91dd40fde,1
0x2462433b7874f33b74395d17e8619e8eb9eda5f8,1
0x24749aedf18208ab74a8110e07e820286bb5acf8,3
0x24878dc8aedeaf05c7097bbfe65a97c2fc13d15e,3
0x2498f34bf4276e8b535717701ab6b2d3c50310d5,1
0x249a8621eacf869efa6a5fe1c4c697dfa818e237,1
0x24c43cc24e9068073fca79e9fce8d8bd14b9f91b,1
0x24fc7a0751bbf53c239cc1d21d2951a5b21f733d,1
0x255749ce8ab1dd14c09787e7405a15ff17c24459,1
0x256e0c8490c693068a7d7923c2535f1aa761f35c,1
0x258876ca79f23e33ff99421b889ced62c8d8c9be,1
0x2594bcad3314cac904a79d2a607276910f2b3893,1
0x25b70c8050b7e327ce62cfd80a0c60cccf057fa6,1
0x25c84be73af28d65e71f092344efd92b2c79e3f9,2
0x25cc275cfe3cce1700e816e00d4cd1f60872038a,1
0x25e48b090b3104a3fb30b19afb6f4850316c5bbf,2
0x2600846f4401ae10ca760604036a891bb896649e,1
0x2635bbab233b9a1cd7703e6c4b80fe39055971d6,2
0x26433f7e29b8d065773e2ff485053460e73b5007,1
0x267fcc4022018e319220dd7ad904c340131021eb,1
0x2681b212d98f811804d0cfb526f3f2de376267d7,1
0x268d2b4c4f856c8665cf6ee4609b5165ff0ebacf,2
0x26a8fb7d71c562766ce9a28c0de6368caa02c06f,1
0x26ba8afe953af1586316020c2610d801881bc1be,2
0x26c75762dfa660acebadcce7f90ef20be3224d3b,3
0x26d29e016f1c2c8d3dcfabbe4de23c161fffe709,1
0x270f7c71e6f56f481baaef9ad149feb9d6624d51,1
0x27108a00aa686c79fb15c79fca4b312030cefb24,1
0x271acfd6f79e9f8b5b0fb0f065d38479407b7ac3,1
0x2744a205b3a599508295e53d0290b949104d57f4,3
0x274d63f40e22f8b3940d9603f633dfeae183668a,1
0x279c250580ffe2c38e11681aebfc2e24eb5ceae7,1
0x27a69ffba1e939ddcfecc8c7e0f967b872bac65c,1
0x27de0fa057415f722365e64a7005d80cb2f3be1f,1
0x27e6e77e29becf2c231d7333959ae9efb0de51ee,2
0x281dbb9ca3f6d48e085384a821b7259abfdc7d66,1
0x28235de0121700a462b5098cff7d3615b050551f,2
0x28296d868cae7d63b24c687fec1feb2677e65fe2,1
0x283ed137787356fcee5bbf19a8663706feb499d8,1
0x284e540c527498d5fa5c48bc852155b0e3ba042d,1
0x2855c893eff9a15236c293e8df845a76cc325c49,1
0x285b7eea81a5b66b62e7276a24c1e0f83f7409c1,1
0x28e5c72bbde77e9dbbe2bfb1d9398a6f6a0f4a9a,1
0x2917634fd7319c38d377fff1d9ccac4505921339,1
0x292802a3cf72419a9a979dd1737aa6c22ee7ee75,1
0x2959c374a9331b93fe56d0ab19ae77236ab4566e,1
0x298d0f26472e364ea84090c80b09b187098f84b8,1
0x2993e1d02b11377f44455aedc618c705acbb0591,3
0x29bc20827013d24dd74ae3864d89f67383ff5bdc,1
0x29ee39be789ada5cbb2051f4bdd70dd735aed7d0,1
0x2a00bd5289ed7502db478d9124ae1bc651dd25e3,2
0x2a06913d5b8748b222e1236768c24ca19198b374,3
0x2a1567732be8a3d0e5e1f9d476aec62b4220667b,1
0x2a92195a610f21f8da1801ff9756aaa11319ef68,1
0x2a986198dae7714e9960dfc5bf0d076b2289f8c2,1
0x2ab6b941a7ac38746feaf1df2c4798b2000465bf,1
0x2ad55394e12016c510d3c35d91da7d90a758b7fd,10
0x2b384212edc04ae8bb41738d05ba20e33277bf33,5
0x2b5a0be5940b63de1eddccca7bd977357e2488ed,1
0x2b825310fb53becc7403f1e80af84c47c9910c46,1
0x2bc996ded6d9325311dee1bd32998e2fc7f9c922,2
0x2c074ce167aee79a77695768dfcf80585c8f5299,1
0x2c11ae904565fa3f47ac785860f5ec8c0368258c,1
0x2c1cdf4182d14066586f2ea5dd82536e9dcc3f0b,1
0x2c301d171b0ad61faf13531d70c1cb1030ddcd28,2
0x2c511d932c5a6fe4071262d49bfc018cfbaaa1f5,5
0x2caafafbc21f65697824f83aeae6a9b1cb2a5b9d,1
0x2cab4d881962d247218356b32abc4aa5c46ba0d2,1
0x2cccaecc8cde703351c71bfff5f1de246e49d963,1
0x2cced186c0b172443884b0dae52695e847ee010d,1
0x2cf514ed2266c7eb9bc71736aa822a8825b4db5d,1
0x2cf56788e5e06d5ee33051c9ad55d9ceb3988bf4,1
0x2d054602f39ee2285fdde7300753e9484d42adbd,1
0x2d2d768fd67b3ce4673049d0c39e2ddf2af4c2bf,1
0x2d5823e8e8b4dfbf599a97566ff2a121cc141d60,1
0x2d59309df7ab517e554b5e9033f7950d57801aff,1
0x2d8304750a8ac17dc1b9a5da1c85c0a55f12c3d3,1
0x2e0d91866fe0b1e3c50829bf3067dcde46720432,1
0x2e1a43010d643da0d648117fde15d17a1fe57df7,1
0x2e1c62353efb3743729e1af6c234b32cc4efaf85,1
0x2e5fedb3b750b51506753bf1171cd3caaeab42b1,1
0x2e6706ece6fb64889fa09d2fc44f924a6112aa92,1
0x2e878d5890d8d6f2650043838936fcf9cef4e4e2,2
0x2ea5e9e452f85f55be47504153f25740a5f3d78a,1
0x2ed0f4e9769591d8eff038abd884187c8101c7f3,1
0x2eeb17c2e810a80e76c37003f0540fd6c75dc236,1
0x2f26e567a5f64279172986f86985d4f4c068a7ff,1
0x2f595c056e785e13579128df27cad2968d034ba4,3
0x2fc3fd7c06adfc48736122ea33820038cc16dcdb,1
0x2fc5fe33b36f75219beb038db84049ffa74dc036,1
0x2fca32d86d133394f6548028a31b95adf3cc5efc,2
0x3090a8da23358422a98a0cc2ddeda51ebdeb27d0,1
0x30bcf4c98e6967eb7e9a2166df9a9b95848881f2,1
0x30cfb3b033df25673b35dc21a77329059d57a69b,2
0x30d41a62b6e36e72b4fed35236c3168f4369b2f5,1
0x30de4047b8de74f011e3d8337079e19fafd508a1,1
0xafaff1a605c373b43727136c995d21a7fcd08989,10
0x30f60a2c0860b4d1c2647d03bad8d8715d1370cd,1
0x30fc9d86149c9241fdd5450748f8cb6734e1fdef,2
0x315e1a5c796b734585c27e615b774441372fbd08,1
0x316090e23cc44e70245ba9846404413aca2df16f,5
0x31954682fe6b9d0904d6e8b00fd19d5b629ebaca,1
0x319dcd0306908ce08ffa6f5e5b6b6a4ff8ccb9de,2
0x31a406efbd18897c85a028ca2ad9bbf06febaa2c,3
0x31a95adaa9435f6381ab41b38c6c8150bcb845e9,1
0x32267d604f90acaf3469d7f34e5458093911fa9f,1
0x32791bbc7ddc9d0e6bd914f3b7f73747132a3a5b,1
0x327b9dee1830f8201efa751fd96f7b1ad0b300a1,3
0x328adb38154da8f93ce0ffc47c26055e1975299b,1
0x32ca3698bc7707102a7e0da52a383f1c881d80d7,1
0x32dc2cdc78cdd824db9ad1006e8659dc2ea8d29e,1
0x32e100b633a70b4f315945f7c18373297f9f8a9f,1
0x32fb7e574faeaaaf0440b609c117025c182f8c3b,1
0x330958aec4eca4308113202b5d8622e813466b2f,1
0x33231c4171e4d6a864c05b6db61467ec2424efa5,1
0x3327da45e4be37e57101f3a327cd166a335c3142,1
0x338158b504f95578d83c532956811f27bcfa439f,1
0x33a74ed005785a83295d3ebe7e9fee647c3b4246,1
0x33a7a9d626d8fa71db2b107fe219245425a347fc,1
0x33dde5b4f0db040c1b006f383b59e207936c90e5,1
0x340fd1b38e3344a8924dd54347cfddab0acb76a8,1
0x344aedd72a51bd30394f9f4cdb754cd4be3c7f51,1
0x344b1e4ac175f16d3ba40a688ca928e3768e275a,1
0x34868ed83815aaa53cd1f85032beaee678a9e8de,3
0x34da5465d14054756814ada90b50285d2ec72057,1
0x34ecfca1dd05f10bdfb2a6ea4678388a00791aef,3
0x34f73a47a027bc3c1db642df9ca54625d9b6b77f,1
0x3549e4a34b9cccb963767c6a455bd5e37bfe270c,2
0x3566ab5289cf2054cd1cd6fd064d7771a09d163b,1
0x359b0ceb2dabcbb6588645de3b480c8203aa5b76,1
0x35b661c7ecec99a0322f989d05d1bf9cf9049abb,1
0x35e6fc00e3f190a8dfe15faa219368a01028ec14,1
0x35e8171bb85a471c8e6b379c19515006dabff236,1
0x363abd787ffbb039a51716b756eceb46881788a8,1
0x3643da666ed15b633ef5fab12b0cd0972d1a809c,1
0x3676d68cd9d6c0032c4e2e24b46aeca9d4fd88e5,1
0x367bf4a80da0ed955dbefb228c60fdf20c2f85b2,2
0x36d9b6a89196042b5450b4687aa7c5c315c22aa9,1
0x36dd407ed089f6cbfe6624191faf9ddb06d2d7cc,1
0x372dd28450ee4c35b728fceadfeec7a9e99cc2e2,1
0x37b1884205cc47c2bf5cf5a0248946c4c0c85724,1
0x37e2bbc7b95810b064d80e02ad3421e30f428ef6,1
0x380180f6d556cae3b3a93b51d376b8c6a164a82a,1
0x382cab376440f92d4943f8b47dd45645cf98be0c,3
0x38430336153468dcf36af5cea7d6bc472425633a,3
0x3848aec8c70406ec2b493a7ad790e9752973d223,1
0x386f6b908640d9f394ef37bc1b8c3a4018fa3db1,2
0x38aee5584c02fd0dab4f92d6f015ec3b3849a884,1
0x38bce8c1ca5a061aa8e2b4750c18ba3efb27ced9,2
0x38c40ead3d0fe7959eb9dfe8337b3c4929884d2c,2
0x38cb20c05248a190373e3db0e4dca9caf9d198c8,1
0x38cc3b9e7f3a747958865cd95f1141aa58a6ab24,1
0x38daea6f17e4308b0da9647db9ca6d84a3a7e195,3
0x38f2944e482a050942e5fb1652af4690017cd141,1
0x393e5f28f1ecf889e9344288ccdae19353fbf9fb,1
0x3948422f8998189c64928d5468a49ae63ce7e3d6,1
0x3961e180df2789ad2ddfaaa9af630f3ce635886e,1
0x399a94a4089a5061161f950b37018544fb32a9b4,1
0x39c5205c8bdf97949eeec5c285e0c0c368d6efa9,1
0x39eecfb398d83695afe4955f43d98e1742284a02,1
0x39f9dbe4a60b5f017d95889ef9dc50b58cc543ca,1
0x3a0a7fc39058a2471df421895aa1b79d537526a7,1
0x3a26577d7682064dff6f3f82764b20c08c427025,1
0x3a409eff50a47aeef294e3f0bb3874490dd99abc,3
0x3a46fed37cacd52a6dacc4a49f520adad0e51d61,2
0x3a4de9b79e23953a83df287a8345abd1082d3c3b,1
0x3a4feea360299d2aa162eb3714fa1220e3a2f50b,2
0x3a9c8c48b0a7a3270e0675b30077abc19fe8923c,1
0x3aa6605d87f611e43ad0a64740d6bef9b80fcd2c,3
0x3aa8ac0e6c1fb9cbb733565de16cdc5a676bcb04,1
0x3ab8dccd0a3f3cdc8fd3d5c55957810971bef622,1
0x3b5799e3de4ddcec59666176a2cccb9fa0245d5b,1
0x3b59e42d9f33906ff58813f9bb8be58b185d22f2,1
0x3bcf5b484a8628fc8bcf4eb97985ed6157a9cc12,1
0x3bd8fb2fb0b11789f8885143d6f14fa3d69f6fc9,2
0x3bdcd88a9639f85818ed5a35e2abf6292d9b0377,1
0x3c28c42b24b7909c8292920929f083f60c4997a6,1
0x3c2b8156d8abe9814bfc800b170b60c66ec33cc2,2
0x3c6e78a279ca78088a939d80968feffcd517190a,1
0x3c7d5bb537abae440e0abe552342f422a4b1e6c1,1
0x3c86b2b86f0a4b180802026cb1d0d73f80200ab3,2
0x3ca8c469ff8156eebb1518fa631bf8ebc5ee0688,2
0x3cbda54c6dc2858c44dd35dbdbe83f9f4fd7475a,1
0x3cd59579e11c437ae01b323c6c09e7a2f81f30df,1
0x3da952ccef2b63bf708f7f78a0ed333faa5cdaf7,1
0x3ddcb7ef45732ed4100ab43d37058e583d9c5166,1
0x3df10334531a3c86590245e12be0104dd3459159,3
0x3df13b9bd79158f0cccddd0833cf774178e3d2e9,1
0x3df615fd0db1e44db65716089cbc1d8f7d572ea6,2
0x3e3fe023928a7addae16a6199045b012d1fface0,1
0x3ec10509a60b1841da71567dc20e9ccfda123b05,1
0x3ec6732676db7996c1b34e64b0503f941025cb63,3
0x3ecfba75d5a113241ec899888319a9e1e456ee9a,1
0x3f07b81ee684953e09f72bcb931adfcf223309e0,2
0x3f3b9b0f14def5817a61437ccb25ccbbd4853ffd,1
0x3f3c8b2ec580bb7b4bf60125d5db58612e5cffa0,1
0x3f4579530dff31773e26001bada3cef5ce6f74cb,1
0x3f5d2058971dfd0103e3bf5e423620b5a42db357,1
0x3f6546e6a21d61b7d2736731ffc906f852d41629,1
0x3f7e19951dfe627d839b17c2b515324fc5103af4,1
0x40276ba5efdfbbf749557f6b2a094abd78197164,1
0x40325d6186d1dcc2ba1c7ae0de8cb55fb2a8945f,1
0x40385f27d90eb7a7fca6f521176c6ebadbe57632,2
0x407d564acea92c3b5d3f88b685e495864cf4a33a,1
0x4095f2b8dc6a18ce295699b0ab6ca16980881e48,1
0x40cb0b19d71eda986c275c85a6e5b26b6ac7e2e4,1
0x40de3299bd8a10d8ac3f32c1a55de40640cf9b75,1
0x40f404fe6c091b951576ecc7bcce5ecd56c985f7,3
0x40f784b16b2d405efd4e9eb7d0663398d7d886fb,10
0x4109ff91ff47084c78917afc362295f82efa1aa0,1
0x410a0887cc91ccf1e8db56422b9a5d8b078c2200,1
0x410dcf5bc94a68c8de5ae99c18a89a3a8946462c,3
0x4131826eafdcb7dcd855fae9098ec693165f157d,1
0x4135b2ee90622e19c736a4988a073432a72eca95,2
0x41443f0f6cb365fafff4d10f17d45db34f9f5fc6,1
0x41866fbd59371800a7a6a2e314641cd69cd7247d,2
0x41e260e8f07615418968c5fc7d10e277cf7eab56,3
0x42007a50538993043fd9a09b26afbf57799ce2b3,1
0x420a6c1c79a6ce31ed9dc1c4343310c97b378f83,1
0x420df5cbfa4fe8559bb9f036a79ee0a086e22d95,1
0x4215b72be9193704ca25287de1bd4bdd18e66f91,1
0x421a8a0c6388faa1550e2636538d8d7605a8cede,3
0x421f0897f2e07462b5a7b994abf8ae758dd0dd70,2
0x4254c53fc3b3b38df025ea30bcae410e11bb95b6,1
0x426cf0a8423a9522a78cd3325984ae000d425eeb,1
0x426dc9dcb3c0d6a283268b4bb51aec48ceb18854,2
0x4270783a1d4e97e2249ca64b97bd29b8896e1cf8,1
0x4271936a2fd403283c6cfb4c0c3c89430d0d4abd,1
0x4281316c4a3409486e0cf90f2b25281eb641564a,1
0x429882f4ee6efef049ac273bf2abf89e6cb906b6,2
0x429c3686037bfd15c364e60be2d46939840e0ed5,1
0x42add773b02585dbaf024db751d8944618ada20a,3
0x42c93e84c810db00c84f91a4bd94a70ab2d9daad,1
0x42cb839acf94fe3f3009d58e9fca4970c6271553,1
0x42ec7f12e6b84dfe531e52e937614c8c63d0075e,1
0x431a6767536c495a04ff4de990463bee76a57afc,1
0x431b5ddb0ace97ebc3d936403ea25831bad832b6,3
0x43219c42267d999e7de95dbf4db5ad95042e7be2,1
0x432dcbda06e8b296ca29705572d7cb6315ed8bed,3
0x4345add69fa32f94ee9b2df5bc8280acf55a2300,1
0x4351b28c70fd7ca621e0fa9a977ec58ee89d2e81,1
0x44087c57add67bf4672dd6702869dcf4b97ad850,1
0x440eeef2cea79bc4af1ab533d4b381d453dfc900,2
0x442591319170c14dc6d510b44364ad71fdfdebe1,1
0x44265dae5c21110b0dfdd421503ce3e1ca3280a5,3
0x446ccd4633512f321b400cf89c1877f8307f6c26,1
0x44821e910e6b53b6c9a416abad4ec40e35463dec,1
0x44afe881109d29c5b786e6bb67e67d7dd74d93c8,1
0x452cdb16371af18faec8f4783266b176098cae0c,1
0x4532280a66a0c1c709f7e0c40b14b4dea83253c1,3
0x4541c852addc826ea6d4a1ff6d55e855490facc7,1
0x45452d8508356dc9619f23eab6932b4aab1946e6,1
0x45b80c59d2317fe704d816ef817fcf7ca92b59f1,2
0x45e574080f1fe869e3f02d79fe5972b89892f575,2
0x45fb8de238678ff6df85342391b8c9d1877a88e0,1
0x46331769a8a01947e07c310704893076a3409d36,1
0x464d78a5c97a2e2e9839c353ee9b6d4204c90b0b,5
0x4666e94300429c6d3340449bc828e4218f360672,2
0x46686e5420b34d5950d37855291d970fba5527b6,2
0x46abfe1c972fca43766d6ad70e1c1df72f4bb4d1,1
0x472f916934161be833e924da2f31b8100f321ed1,1
0x47522595113c48db04ae640a9e499749b8414e88,2
0x476791bb7a946fddb419de7f6b90f7219946f319,1
0x479dfdcd59e226692176384ec7583dc38ff3f605,1
0x8c5f9c67028faae0db258d44507bdfbd7a9de223,10
0x47c125dee6898b6cb2379bcbafc823ff3f614770,10
0x47f7ea0dd4418aa1cec00786f5c47623ac37ba42,3
0x481bb04f60dd1f7d6ec0a3611ed8023e618697cb,1
0x481bf4afb6d50433420cc31d0ea659102f446729,1
0x483e96e4dc0901a3b45dee1bef34eb25b61d84d7,1
0x484cdbac8dc9b09e0871baa1802072e3d6bd88aa,2
0x4872a286645a3733daff9abc1d196fd4704b5c9b,1
0x4879032313fa7648bf821f9880ba2c645d0f356b,1
0x48a9789428f2067338d02b1ef3612df64f05feb7,3
0x48b576c87e788a762d6f95a456f2a39113b46950,1
0x48f88a8d8e4a9dff33c0a4d857a81a189c2d6e07,1
0x4929f4d38f2955649b5aa34343da04cf790b9d92,1
0x495690ecbd0d835815e13c0dc63f3e60e04601e8,1
0x49abe3b5553306dfeddab0c179cf44750da371e5,1
0x49b3d93d811d33798401be37677e523bdbbe1708,1
0x49c2b0ef2657b9a4fbddf1de36f61660d6180e75,1
0x49d2db5f6c17a5a2894f52125048aaa988850009,3
0x49e53fb3d5bf1532febad88a1979e33a94844d1d,3
0x4a40eb870dcf533d4dc097c3d87aafe9f64490a1,3
0x4a7be1c3890c9b12a413a6c3747a753deb69d4d8,1
0x4a8162b74ea4070cf83a3fcef66db7c85a229948,1
0x4a8e9affc6323a5338dc6b83db4e717b5c062624,2
0x4a8f6434499f8c9371a98db9824b4b8ae2ba9fe2,1
0x4a994e341d98942613f490fd81d65921f5954bd8,1
0x4ab70e6072bc043f86856efdc8f30b2bb65bb5dc,1
0x4aef8b6ca98ca20087e6b0827a50868172a32afd,1
0x4b1f10157951a7b72640e5b33d53d9dbea049b2f,1
0x4b29e909ab75b56995ade2b0157acac4fda871d3,1
0x4b5f5bd1b0029a00aa18b3bdbf6e71045dc48e2e,1
0x4b771e3421d4fbecc6eb67a26af77aca85ef2ac3,1
0x4b7cdd000bda3626bda2b1fbd215022b7985e02f,2
0x4ba32a1926cc3cd2addb19c2edc4bef53b5fb944,1
0x4bb429d6c90d6449c2912b4faa687c7b4a6ace00,2
0x4bb7fba588b4254536de4316e8fb346bbe275ecb,1
0x4bcc7c54e4e8e9a563b92272a51bbfb5d233de32,2
0x4bd77e5637212bc070b6c1382b3bf40bc1a7de18,1
0x4bd9605a3e546f3400df2c2be7b1c775aeea56bd,2
0x4c024e5b3ae9b56319ed7c2d0f73a8535ddff47e,2
0x4c0a466df0628fe8699051b3ac6506653191cc21,1
0x4c24933e229f5d63393e22602a4aaff673c3b964,1
0x4c710b38199f589dd769d36ed52b6d0170cb83ee,1
0x4c963931f71e6b471a1e4876ead08871ba8059e2,1
0x4cb75146e98562c9d79b31649c6c739e4dcb7cd5,3
0x4ccbd2273715c283490959081ead820dc297a121,1
0x4d2803f468b736b62fe9eec992c8f4c41be4cb15,1
0x4d299b88c6b1d88df4534bd9d3d57d1a0a74b1b7,1
0x4d3fabed2717bab75f9b65393158d3cefefbe348,1
0x4d477f1aabcfc2fc3fc9b802e861c013e0123ad9,3
0x4d6fd27e2d204fcfd21458eda4ced0ebe01e4c6d,1
0x4daa44cf5ebbad57c45c79abe805d30ddb74f644,1
0x4dd980ae601db0a0856f3b7abd6dd155efa67b9d,2
0x4df37cc3c48ec3eb689c8bf0d91249ce2506f73b,2
0x4e229156470863b00bb6c03a78797632921be81d,1
0x4e22d51e32b4bd6d8b32cdfa7710d21f559b7769,1
0x4e6f358c8d0e154eb355ddb02df51885fb9e43f6,1
0x4e70bd663b20bb64db6172f5c871bd41c1cc7298,1
0x4e99bfbee1020138eacc68a32ed7fc6dd2efc08f,1
0x4ea563d048b56bb90528a6c37869184183ec890f,2
0x4f44c1226eb9d13ae5941ded9cc1e6a4e099a68f,1
0x4f6420e54191389555d33c0850e8ec66dccbcd45,1
0x4f9c70c7f0480ffedefd32565fb05efd23d53726,2
0x4fa4167b3c94a80416bbc768fb919bf3ace9f8c2,3
0x4fb63d01dc521fceeabac44e57bc675077656deb,1
0x4fbf8691c84c5818ef35b478451926502ecacd3e,1
0x4ffb0aca20fed515c812cadc972d023bfb0e1e32,1
0x501783e585936116220b5028c4c22dc9fdb991bc,1
0x501ee2a368f1e58c736dd7ce3b494b33c3158c68,2
0x506ce1473e4ce9291cff521750e15a5383b016e6,1
0x507cc427c8fba38b81e891549189e6718862af45,1
0x50a7bae8feda677b143062f166dd7a08dc0cc88c,1
0x50b6d717429f56527676d2431aaa5b3f0fa26a93,2
0x512fce9b07ce64590849115ee6b32fd40ec0f5f3,1
0x5156b0072568905afd2f57fc1f4c0de48fa86bf3,2
0x515fad9044494cd323b211c2f1eec80c1098f4f2,1
0x5187aca6a74b5377d4f33bd7cf81129d2e2fd045,1
0x51d63958a63a31eb4028917f049ce477c8dd07bb,1
0x520cc7572527711b8c50bcefe1d881f8ddb5fe8c,1
0x52156528d5029d09fe82bf44c7bd6de91eee5774,2
0x521d155cee171dad885eae47a97a8c489c3c70c9,1
0x522dffc539c264a8f7e0b91102e899b33f4dabc3,2
0x5233af283e7c359a1011dc0ff480298e90c8cfd6,2
0x523786cd50bf2a655ae4bf887f33ee116257abee,1
0x523b5b2cc58a818667c22c862930b141f85d49dd,2
0x5244736b3a8f898149ae33f013126a20ce7abc62,1
0x529408a6962bae6ca5328874d633738116b89b05,1
0x52b0c756d6f36af804c51211bd5a1fa4ab5dc911,3
0x52cac9f2df3068107c95db3acf3f6b1256d75e45,2
0x52d0fc347560cc997f87984200f4a9344ecdc597,3
0x52e2a3b644f25e30fb75d03a1249a45492f00de9,1
0x52e93937ee257e796305c0ebc203be506a260bd6,1
0x52ea58f4fc3ced48fa18e909226c1f8a0ef887dc,1
0x534e91118bfafd141848cb971f80b7e7a3320799,1
0x536fbbae179fd77fae3e29b510f7b605bf45bc8f,2
0x53a07d3c1fdc58c0cfd2c96817d9537a9e113dd4,1
0x53b015573630d248a32b11b21e5443efb92d9cfb,3
0x53c40473dcdfd927c4201ccfe24e314a7d7c3584,1
0x53cad1487424a6e386f7791863b61802100fa091,1
0x5410d079d8a9b760a6a12d6e548eda36264da370,1
0x542125efa564a67c0d9be3297b214a85152d07b6,1
0x543b65d285d708b6f23d667a0cc554fb22b458d7,1
0x548b4a7b042fbd4aedc2b640047214d925a1f435,1
0x549f1121704158f6ebba4641efc0e0f1663a3a2d,1
0x54a37d93e57c5da659f508069cf65a381b61e189,5
0x552cf430ceb38cc25acc33a7dc781f288503a90b,1
0x554c5af96e9e3c05aec01ce18221d0dd25975ab4,1
0x55610c1d32215e8303c9cfea1e84fcbfc67d4170,1
0x557e206a96611ad3359c36b86f7b27a1cb733e81,2
0x5599b4eaddd319e2f462b27fc8378b0bfad309ca,2
0x55c5d95237d4cb2950b1a8bddf5fa57908bc7bcc,1
0x5612996f0e91ad06b96b3e9792f36434a348867c,1
0x562bf1b67dc40d9b7c3ddd49e45ae58e61e1b76e,1
0x5630b380ed29867d7c01ccb6b73b03810313102b,1
0x5635f75308e4863da06bb454e0afa5f74bf28b5b,1
0x5656cb4721c21e1f5dcbe03db9026ac0203d6e4f,1
0x5658812956448d63691e0f185264f484e2d0cbb1,2
0x565ef6cd1d7ae856ff3d8a52607b8a0d81bf7e0c,1
0x566f8a91a57d915c44f66cc3ee715b657455c095,2
0x5691ccea44fc4a53886ff1b8666c89321f73c49d,3
0x569d5f235ca741eb7a671ff08fdf5629f1caa2b9,1
0x56a20d46bca2962d0bc1ecdb694804b02598e1d4,1
0x56b5f8825173527690340b14d6fabf129ef5f1aa,1
0x56d389c4e07a48d429035532402301310b8143a0,1
0x56d79fe635196e734ce29d7a8ccd8014865e790c,1
0x56fde52faba95d5164dd3fd46509ed7dbd258130,1
0x570edbd50826eb9e048aa758d4d78bafa75f14ad,1
0x573ed9cc066f3cb9abf16073d9fc4a1efb4f3561,1
0x57447072d5fe4c5e740e6e2bfce3f41a1ce047b5,1
0x577b013ef39ee406f332d2d96c5baa9621588574,1
0x57efcc7607cd2da49d73e8f9c88ed114cbdc5cf7,1
0x5805ec51c516e3aa9907d2dbffea7f267b1baa23,3
0x5823fce2cfe346e34fbcd710664ee42bfdb07036,1
0x5847c3294db1c9d66f5008156829ce0911f0ed58,2
0x584bbb33b6ce22dbb8ba8c3cb02f90a88f88451c,1
0x585326b9ab31f38089228645c8bed03960da07a1,1
0x58885c86f27c3c811bc6a49b22fa6c807b0efb4d,1
0x58972dcb28b1fe87ed24f90c81d61ec44a537312,1
0x58993cfa67cd6151ec3d806ae93a7ed365db2f88,2
0x58c442b9c0906d6d13173a24c2981b543188b346,1
0x58d9a499ac82d74b08b3cb76e69d8f32e1395746,1
0x58dd7f87f7d94920550ca53e3f4a8e5c54b28664,1
0x590f636a0e62a1d72ee78a292134ef82fdb5d954,10
0x5938dc681121c306192f3187a3eee47b9c697ba0,2
0x5966e906080c39d4d57d2410b6ff3803561aa3b0,2
0x597fc897b6ab221c18cf51a31cef41285597aef1,1
0x5995fcff23f84bbb21a922658cfdcb366cf204e9,1
0x59e4ac2a6ae1b98b5bee3d0027645d04a56ca2e0,1
0x59ec0edb51ab373c94e1f93fa3cdaaa94aae582b,1
0x5a22754f0df17d0b3c02807afceab578e255d0b2,1
0x5a2cf5b6061de4cd3c5936a781621fa8e4d1fdcf,1
0x5a384227b65fa093dec03ec34e111db80a040615,1
0x5a4b09693ccaa2c3218592d0bafa7788a01f4600,3
0x5a8aa4d60a2491cddf4f12fc8e6b30584da7cd92,1
0x5ac56257422bf362cec13a4367f86dd0a340f79a,2
0x5acad6e75bf6ddd63ad5d88dbc9852ba401d8d02,1
0x5adffa8a38adc0810c1d714624f8ce52a3a27961,2
0x5b02da8420dd9f77a33c6e2b22dc87fe22c17a30,3
0x5b21188a831c0520411af8cfc5fa20eb159a396d,1
0x5b47ce248ea313841668a318afb9a5597d5efc23,1
0x5b5248d96d17a5c2279e6abd8a16f0261ea7a01e,1
0x5b655eda7d101f98934392cc3610bcb25b633789,1
0x5b8940c9950e35b82237f3bad0e8a8c75056eb5d,1
0x5ba47f8c64fcf55e986e2f37860b91b501d1b1ed,1
0x5ba82313d7c37e89f8bfaed11a3cb7ffcf575726,1
0x5c4ba7f70cc09585b30e137b36313c24f7dc7c92,1
0x5c6dc84e8284a3fed204c546cb00c149833d1434,1
0x5cd79437abff81c065c1f327e89132d08fe16303,1
0x5cfc2c648ba36144644758f8d39553c0ce355fc6,1
0x5d4fca61cc6ce10073372c7c246940066057249e,2
0x5d6a3d249e6628f6614797a10afc9ec85aa05db7,1
0x5d787c33a3c7293e563d0586d06e84e83ea69e05,1
0x5d8908afee1df9f7f0830105f8be828f97ce9e68,10
0x5da60a23f8a4c9eb80989331becff58a51f4ec73,1
0x5db31ab23fb05032f6a9bbb4b535e13471aebbee,1
0x5db83c7993eecb7083ef45c8fac31d851770ed94,1
0x5dba066755d7678f233f1421c744d8342465bb33,2
0x5dbc6208cc2ecb91943355486987ab89b6e7dc2a,3
0x5df1ff52d856cbe82e2d5eeec7d9d0fa03572674,1
0x5e0a299a54841c07218a68030b6b8301470f6a1d,2
0x5e11a833d112e973661040e062f1aedfb2bcec1d,1
0x5e4568c4d8343052a06ec8aab1e124af08b73248,1
0x5e464b4766fb32ac5f4bf74249d2681d6e00fbad,1
0x5e5f08baecb1a9ceae68845e1fca141cb1b7b18d,1
0x5e5f73b3004e61e486db54788d92dd436bf4897c,1
0x5e7c21defe711bcd5cea1b267d2e87f7913d510f,1
0x5eab781803be5252be2ba7a3e10f463468a524d8,1
0x5ebf110d345e4e260ae5db638057c3532405e0b0,1
0x5eda3e11d8418c836f21774da8b36e5bfb73cf77,1
0x5edf0b0c1b6d78bcef494243801dc594944a392b,1
0x5f350bf5fee8e254d6077f8661e9c7b83a30364e,1
0x5f561eb8b4380886bd3bbdc87fb4c28c0353b71a,1
0x5fe2a08106df08d82f89a73e0853cd4466895a65,1
0x5ff817a31c03828c9f8995fc8b70b2eab5e59acc,1
0x5ffff94f7557f3e95b36210623cffd4bf1b1c064,1
0x602411a87ff854a9565e72a88a53c8b17da3509d,2
0x604b4dacb4c89ad08f5fb592d6b559b8da28bc72,1
0x605b3a9ceaaba25448e7838adfd52ce16a0761bf,1
0x608109470afc9857561f9e33a3efbe2547902302,1
0x60959ed8307ee2b0d04306f6b319aeee8864f1ee,2
0x60c1a749c390d2e18ff84ebc17c74a28fac0c6c9,1
0x60c63bbb27f1f49f63eacadc773c79bf0c17ac7a,1
0x60dd456273cbb018c2222621d4c2dc5016e870d3,1
0x611dabf15f0077c64fdb5067376ad593191e65f3,2
0x61258f12c459984f32b83c86a6cc10aa339396de,10
0x613d7a8f4fbbefb1bc60107e650589a737ee914b,1
0x616e6ec41be589c7cd08ee9e2fe8dd0eaddd8941,2
0x618ee1b1276781cfc7180266aaa737ab8df48518,1
0x61be34ffb735b792ad9126e5b0e4c00b0f5e1273,2
0x61bfaba641d8742f7e4b89649032a7d1135ea783,1
0x6212ee7822265ce44b56c943bfd4bccc03aec42a,1
0x6262f720679c04cc7f2a14c0c03486d0287c4853,2
0x627800e271722366f8795353e6669cc51a71b565,1
0x62a43123fe71f9764f26554b3f5017627996816a,1
0x62efcd67ee9ae5cb4d6e595db9ee3861e50a45bc,1
0x631ab8eb40588543df900263f864b6376d56a587,1
0x631f759f1976a1ba17bd2387b7a36bdfc2ce919c,1
0x6347e3470d953daa37a885ff1f2fb158e4427f73,2
0x6351fc348cb5240f02c8225df6c7f8008bafbe00,1
0x6369460b015420c61a3a75c3e9595c81d0b94795,1
0x63a370abfc8ed6132025f6dc8244ddf6205c174b,1
0x63a62bdca68dca4b98385de493f73c7393b14f6b,2
0x63bce35a9cabe0d4446cf22a9be819b3fa6305f6,1
0x63c62e0f125e32e6f070fc3b71d0df24c8bf63d5,1
0x63d43942a69b961e398a0f7c260bc3718d320ee2,2
0x63dae0946a44eeead00c8b30ec206fda63f7dfe1,3
0x63e3b82798ad78062b88eb4605d520e328fe38b8,1
0x63fbc0fb7ebf54637506f9ba2e615884d3d2a688,1
0x6431af0193561ea15db772145472564cb2dffd0c,2
0x643f2143f78102bb8663f7b9483076a8f091b88b,1
0x644aeda9e5797474b28a656d9e2016a927b0ae1b,2
0x5e349eca2dc61abcd9dd99ce94d04136151a09ee,10
0x64b29cf8a5b2ec1133f2ea5b8be644f41c9d6d53,2
0x64cc60a9f6f97ddcb8ac1378da9390b85be6da37,10
0x64cd3846d14ca7c122d9a99ecc310bbf8510f653,2
0x64f8e38e19c1b6992969dcd5769c149951018af1,3
0x651a02b594ce6ce623942c76807e4fe0d32b2650,2
0x653497a172af8952800aa4c7166afc89d5b9d7ef,1
0x6564a994fe469fc4047fdaf40c422f9d7a2e2070,1
0x6570620407af4dbfe9350c887936dcabd58702e6,1
0x658191594cda88744d8158813029420dcf137a32,1
0x6584dbfb545cc95633bfe906dfce28b2d65581ee,2
0x65877be34c0c3c3a317d97028fd91bd261410026,1
0x658c7e40fb5426708e21eddc4e2775390eeb42c0,1
0x65a2f2391ec82bcc78c9d9b4df17a7ae34f79d83,1
0x66110624d10a25e930690b0efd6bf018acea5703,1
0x663418d29958f4748cc216814bd0aa0e2774e05d,1
0x6663974e9cfa2a9910a6e27d7074d846684c7c16,1
0x6666660cbb363fc48e0f06c9239641c3302ed862,2
0x666b8ebfbf4d5f0ce56962a25635cff563f13161,2
0x668540812466219a4cf9ef22151bb7e513010f17,1
0x66b85d47488b4792d47cf05823628eb6d2b94c12,1
0x66fda6b697155fad61694713f4d6b0c02736e2a3,1
0x670f2a946f731c6a1aede41f27f2fd4a378abb5d,1
0x675454ae78d25632fc26763fa9cb72a99cb0a36e,2
0x679b4172e1698579d562d1d8b4774968305b80b2,3
0x67d6140fda661346ad4785f35412aa43fa3224b1,3
0x67fabfe5ab30986c4250273386d421c5edf1b689,1
0x6823636c2462cfdcd8d33fe53fbcd0edbe2752ad,2
0x68331b0acf1ad7be936feb798db87a3132a1071a,1
0x6840a08b4e51cd863bbe6c902b60c59dbca85f97,2
0x6857e80312f49ab7223116a778be598b87657b49,1
0x689c6853f3debac91b72f32bafa83200eec9613c,1
0x68de6cf11788fb6009946a46306f74995cfe7540,1
0x68f4896f33a8b301720d7caeab445950cda659d6,1
0x68f9d801c96ac6ccf562f3600cef77c4504449b6,1
0x693edbcf118ec982f5a8101498b6c789470b0b89,1
0x696d181a7961ee66c42f1ebeddc0b48b106c45ad,3
0x697ae801bbf2c9ceaaa1b2533aa0c75e13e5e2d5,1
0x6995870d9890e10979afcbdea5d8d249e969822d,2
0x69b0ed68722a6634f30b9b183aa548d1b5492bd2,1
0x69b5b2b2cd11db8c7ea7f9f042f39423497b8efa,1
0x69e833869584d7e468751ed5e7d23adadcaa3d00,2
0x6a0424bcba352288c70566d00cf964d4167aacbe,1
0x6a1028e389d556dc679cf02524390440f7399dd0,2
0x6a22db6db62e23168a387b1ac2edca2967899a08,1
0x6a5dbf2fb5206ec8192620810c3edb6d5e62b188,3
0x6a897b32996d342535791a74b8a40e75ddf2486e,2
0x6ae089d92a2e88ca18a2d463ad32849cb41c4d0f,2
0x6b3de22ec227d168dfaee06f1fc629b49eb73e60,1
0x6b49c89dc6480094c234a0db749de8649d44b1fa,1
0x6ba6c53c8757c99adc983e84ce7e87f240bf7531,3
0x6bb1be9f2bb1ca2711840682a71fcadf591087b5,1
0x6c13fc8ef50144a21702415d57ece0a09879fcfb,3
0x6c3f373baec5d2d0fb3c82c4f3db5e48873ae363,1
0x6ccaf7c0bfabcbdcc28c20f123e497ec208168b0,1
0x6cdad785bfe9b99beee6d14f913fd7c0c6b605e1,1
0x6cdc3eafcfa672a7d8cb85f7365e952e83765b5d,1
0x6d0bbe84eba47434a0004fc65797b87ef1c913b7,3
0x6d29eb3fe1229dcccafe51a085234a0c76ef6c8e,3
0x6d8d524dbe93b62995285d6be5fbf3d0ccc0f2ff,3
0x6dbb3bafaef2f137e56c34c2f39ac33708eb0657,1
0x6dfafe40fb06bebdc5f44d9d085da6328e281db8,1
0x6e0f19c2d538c2123b73b710c0bef48bd05bb040,1
0x6e1da38f9d9d87ce228234a570d992d4db294fa1,2
0x6e2162d90e13c0574eab3f46ba2fc96530ebb4c7,1
0x6e29836e3decb3cce72eecb8d993e8e6bee6fc1f,1
0x6e6c53f81e310d53387dc2166ee9a632cf768fa1,2
0x6e7b420cc69d093cdc3d7e8f6e1076123365e92a,1
0x6e8cd81029361d213b8d2d5b2d2064384618fd1f,2
0x6ec03ee16bcd001a73b18331b954542368f79e45,1
0x6eeab89b4987cff5fab15219887ff145c64e1578,1
0x6f0c3105444e9ad288ed64674c12420593a1efb2,1
0x6f104d32458a2e9915495e64d2e34b0874462f82,1
0x6f3a6d9867d6213056b55ce52b55514215deb343,1
0x6f625ca653fcb4cfa2424cbe958aef8c6690c717,1
0x6f8794312146d4ed2be8cb19d0f48c11da1628a2,2
0x6f9bb7e454f5b3eb2310343f0e99269dc2bb8a1d,3
0x70005e2d5e7d61af578dd0db1d19288a1e6d94d5,1
0x700b46f4cda1d668920c105247291c640e521f0c,1
0x705c6935effbbea6de884189327eee59fb7579d2,1
0x706d961ab69d54a0fcbaa13e77842279a5724139,1
0x707d306714ff28560f32bf9dae973bd33cd851c5,1
0x708df04e03ac02c440937be6e631fa8b46cb89bc,2
0x7097427db99b7d3535caec5970da74cd6043af04,1
0x70a9c497536e98f2dbb7c66911700fe2b2550900,1
0x70ae7ed8469e55a82497816001644ac123513a18,1
0x70af29f754988473fcaba6e01abfbaff871046d1,2
0x70b7454d7ba86666e9d29b551f2603a6acc8daac,1
0x70dd0cef072ec308e6708c20553cd9299d4d4c2e,1
0x70ddb5abf21202602b57f4860ee1262a594a0086,1
0x70ec7d795db10c5c27d07c926fd0e0a2bb9bf77b,2
0x711d5f5ebd6adc28bd87f0256d9c154a6218c12f,1
0x71213a9c9504e406d3242436a4bf69c6bfe74461,1
0x7125412fc011d74c26e3ca768ab6224643702313,2
0x712fdd09ac64d5776077e2b813fcd1b0431f5278,1
0x714af4c78135ec866a3cd34755bdb59cdb9b7246,2
0x714d8b5874b3a6a69f289f4e857f4c9670074296,1
0x716722c80757fff31da3f3c392a1736b7cfa3a3e,3
0x718821dceefffad05c4527292daf78dd59da6bd5,1
0x71e674d252f16ebdbeb9cb95ccd3535cdea964c6,1
0x71e6b570a4ce5ab1ace7bdf3bb1e642955cbdacb,2
0x721ca5428ec12b148b34458e0f8557f4c9624630,1
0x728b6672bceee270e92637bae8bacb54a9b32888,1
0x729d1ee0d3ef2b2b435e4c1093198993f1b6d2b6,1
0x72b2cb558bf17f9e5aa40754a4e26ec480c07554,1
0x72ba1965320ab5352fd6d68235cc3c5306a6ffa2,1
0x72ce84955f6d4db9683ed218d2d6c1a3f10b2a88,1
0x72e772a305ca37321e2461770896f607f6b41844,2
0x72f4532d2c5ddb9b67d676323a38190212f7569c,1
0x732a4b05c31da514e30411d79e3e17624579b848,5
0x733246bcee1d39f3cae699a1f1cffc97d67d2e57,1
0x7334da6b036e0793730dbac73e78d0e109844be5,1
0x7334dbbb39a1fa2247dad3dafc6f763f2c0aa5bf,2
0x73d31902b450587a4fd07b62c77b75230b859291,1
0x73db21c78a84427377bafab6bbe049b443803fb8,1
0x73fc7955443b0cba21e5175123fe254e13f2ab88,1
0x74075d1a2481f25343b32bb1a7bf6336ee42b016,1
0x741e5958e588f48b7564307322220300dda7ff63,1
0x74264aa892c5c4b596b91f961b1387f94ef3d5a1,3
0x7449fa242c70c2e902c1551e407dcf6818bc9e70,1
0x74597a233e403ac2f48c40dd66fde8d22d6634f2,1
0x7459e3045eaa7dfebb7b75c81e840d90ce029511,1
0x74b02eb9acfa1e85ac555e0dc09cd68d61a3433d,1
0x74d754378a59ab45d3e6cac83f0b87e8e8719270,2
0x7548b0e736e32c4273c1056952754bba4a384bba,1
0x7558899d8109d8a2ce457837ade56c3d6ebfe90d,1
0x75a24dc4efc5324f2253abacb98a296ac49448ca,2
0x75aafefc48d23c65f49603491630308dcbd468f5,2
0x75b98d394416f1ebf0bd2e988bc2a593cbced61e,2
0x75ba5ee883c2ede43282bde16e38d6ca8edccdf3,1
0x75c1e14cd2d114686bd5b765fcfe376176e41f1f,1
0x75cb505b4fd56b4361676cc2ca2788b948ab5604,1
0x75eb7b5522b69fdaee6331ed0c05f6418dc07079,1
0x75fd2bea5c16f587565770250d638d967f982953,3
0x761b2eaffe0daefef5d5af467bb73a1ddd208aef,1
0x76363226b9e31b78c2077ecea78f440d81299f39,1
0x764312ef291900ef32be90dd3eb5a1bfa6788e84,2
0x7643a2f9c5244337b5d7c43b65c89afd15f59271,1
0x766c64d809056fbb492fdb410a6b4857c015619a,1
0x766f7f304336459bcf9c1d6e0eb94bc509b4281e,1
0x767a60f295aedd958932088f9cd6a4951d8739b6,3
0x7689f17560b5ee53799f0b37c975927e1258fbb5,1
0x768e933b72cb48c27da79e906eb7cf2c9fa56fe6,1
0x76ac6ad4e4e7c2e0b4ceeb30745bd53df3a85774,1
0x76c1e8e91dd6e9fa0328e545eab6ea774f53c157,1
0x76d2ddce6b781e66c4b184c82fbf4f94346cfb0d,3
0x76da9f88e63a85ba8bfa19f3821d5a271753d3dc,3
0x76df1eb4185cb86682ffd90d20cf140146465737,1
0x76dfe06345afcea4c6dd01e7363cff04766d1181,1
0x76e4f864bbeb60bee66ff5bbcd32decaf7fbde71,3
0x770752b48839c4d35b5157dafc128b2662e6c0b4,1
0x770bebe5946907cee4dfe004f1648ac435a9d5bb,1
0x773e317538839d883dedffd6b8838e41f02812a7,1
0x773f7a0c40df682f5be62a07760b7a28015c58ab,1
0x77659c4732efb5a26c9fddf8837145de940abee2,1
0x777ba383e74062dd7948a61471267e8e4370ea39,2
0x7798ba9512b5a684c12e31518923ea4221a41fb9,1
0x77aa4bf0df4b6729730ea08c78a624673ce63dee,1
0x77d4d7ed546b19077720eda2be8c847a1c358125,1
0x77e9d9572d16624e77487d8e69699f2d8f6556b8,1
0x780f3308b5eeef72135f2843a90fe64cc0698fbb,1
0x7811df09c3415e99beb22122123932e2fe1ef0b0,3
0x7821f8b55d58d508ced1dd4ce031f0985ce1e46a,1
0x7841f2064bbaf90127ca0eed5b004020bf9ca819,2
0x786694b02f1d331be540e727f1f2a697c45b57e4,3
0x787c8be38e968bd0b41eaabe0b69d1c32ea09262,1
0x78a18ddecda44f7d298d9b37512ed8a7f6b226c7,3
0x78f0c4160f307c460c6a2f3d029e1a2b7cfdd392,1
0x79406759dcf50601263865386e747db8ee2f562b,2
0x7977b909d55a53f9c73140f7f611eaf0638238ed,3
0x797d63cb6709c79b9eca99d9585ea613da205156,10
0x798349e06c67272465123b91bd88c5d19b8c7878,2
0x79a57800bca23907f671fca9826e15416c6a2aea,1
0x79bdad6592c79249f71dd0d40d8786517ffaef4f,1
0x79c4213a328e3b4f1d87b4953c14759399db25e2,3
0x79ccedbefbfe6c95570d85e65f8b0ac0d6bd017b,1
0x79d31bfca5fda7a4f15b36763d2e44c99d811a6c,2
0x7a1057e6e9093da9c1d4c1d049609b6889fc4c67,1
0x7a3bdee62dd34fac317ae61cd8b3ba7c27ada145,1
0x7a40497782f2ad3ab9e9c08e67d5a95641110d52,1
0x7a67928bb379974768668d50ab991eefb5f08c0e,1
0x7a7560269758b80289eefeef8106571198c40f6d,1
0x7a7a7930d462b959e5d1b34b0a34ca2452dcb1ab,1
0x7a7b30559e2a3f115bf36fe3c6cff272e7734cc5,1
0x7aaee144a14ec3ba0e468c9dcf4a89fdb62c5aa6,1
0x7abff0073a9f6286ce4801bd1c8d9332fcb8bb95,1
0x7ae109a63ff4dc852e063a673b40bed85d22e585,1
0x7aed85c78dda77147914c80db417f099e456a8a5,2
0x7b0b35b416631f05f321fe74990817dca81cabde,1
0x7b13eb3f49525dcf09c01dbbbd34af8a4c8c83b5,2
0x7b1e8b4c96982d828ec3d99bb4d5951ac62d94a5,1
0x7b6b65b870d43da9abde8cc85528996d7f2009d0,1
0x7b88df8af7a283e3dc84a7fd97fde19cabb90ed4,1
0x7bc86bd5e77d7b28e34253a630912f631534762a,5
0x7bcd299eaca62673f838dee3b81f7294a28d352d,1
0x7bcd790d1282622da859625f3786be9f33042d50,3
0x7bfbabda21beebb17e284901bfc41e942f8128c8,2
0x7c1b3818477ca6dd54a00815d2cde834e75b5a1b,1
0x7c45fb10a18f834a47cc3f470e97140a399b6af8,1
0x7c597d2d92414e6bc9d4bdb6c1dd5bc54875c01b,1
0x7c69752552ba3aab4cb05ae17c709e3fafb76d0f,1
0x7c95f433b10f642292d7230ced6897d9b57b372f,1
0x7ccdb6979cb9dfa867b842fae8243b3b3fda444d,2
0x7ccf173012bfe53f16f4d6a2a4aea32abafcd04c,1
0x7ce0448b0fafab6cace981fffa967cf380a2cc33,1
0x7d379c4d48fb5bff0fdcb3efe14f7864ad46dc10,2
0x7d4d64a7b34310d5cfc19181b2a526cdcf462cec,3
0x7d4e5ee8ab737ab69ba56bb329e456c715af6786,1
0x7d55507f7d96b373706c0131fffbc4ffdcb3b6f6,1
0x7d8c3703fd3131c8c45cbb17bbff85f851a4a130,1
0x7dae7d51c20ea1dc6e11a6ab4672c4f835098aae,1
0x7dbf6820d32cfbd5d656bf9bff0def229b37cf0e,1
0x7dd508a1e4da1243789b799a480f8b45e58b1b5b,3
0x7e026a0c061382b0f5935a90bc7324ab0a5a3acc,2
0x7e21749ab7fc3bc1a77fa5814cdfb651ca9e241c,1
0x7e4569f6e601c5fcab871c9d21e266aedebc2ab7,1
0x7e79334e893387502d393e9c82497a74a792c7a8,1
0x7e7afaafd27f723e7178cb439982ad286508febc,1
0x7ed27ab6ce44b19e2c1ee1317b836d4dec1fd7ae,1
0x7ed7380023e63b1f59d546fd9b8e982f2a31ca73,3
0x7ee567d2ac5dca4c422281deb1e2334a805ba6c1,1
0x7f013bcbc97aee6675389b31b6ffe1821fbde7d0,1
0x7f248e4301f5a16b2a8289989584a509f7157845,1
0x7f610402ccc4cc1bebce9699819200f5f28ed6e3,1
0x7f7ad73518c490885723b425a998921bb3cd309a,1
0x7f7bac92aa3e28351f9e89535ca334e8a44542d0,1
0x7f85cf44e446a4b1aace2a28774e88cd6d4e3441,3
0x7f8c1877ed0da352f78be4fe4cda58bb804a30df,3
0x7fb38b567d4c89523327a0353f54b26f5e4a92f4,1
0x7fecfef13ef2e84e212f398f6c6ed41032cc29a9,1
0x7ff8c8ae961cb7a196dc6cd0b4ffc64bc2454cbc,1
0x8022ca68e5ccf9ea419c8ae15411427709945a35,1
0x80292caf76f0e8a4a7b8b105d34c7830bf7a7299,1
0x8040fd7b86966bd49e1b721d2ed264180aa15814,2
0x8073c62366973b9960f4561f6a72c5826b75e828,1
0xaa19f47e6acb02df88efa9f023f2a38412069902,10
0x8165636930a7020f4106c9a153463626a4d9bda2,2
0x8169522c2c57883e8ef80c498aab7820da539806,5
0x819681641e07e80f817a34f82400debcc2579b98,2
0x819fec659e1c225ce330b02e01f1e4c629e92a7a,1
0x81aa6141923ea42fcaa763d9857418224d9b025a,3
0x81b55fbe66c5ffbb8468328e924af96a84438f14,1
0x81d4cf8a3892557e4a1571e97b88f0351ef0dcfd,2
0x81d98c8fda0410ee3e9d7586cb949cd19fa4cf38,3
0x822cd4f645d14afbd06e51ad6672c6bc702a5006,1
0x824d4cb20c7a60c88f83ab748012db401ded4835,1
0x825ae6fb177186e9551ab1cdd6d4ab10b22a0dba,2
0x825df1f29ad0efbfa11e4175fc8a9ef28136e6ff,1
0x82ab72623b1e29942781df85bd6a49326a977333,1
0x82ff47aad5cc0d1b59cec41064a9c1207c175762,1
0x8304ff5b15606c732418b149a5f73b648269587a,1
0x830f21710eaf94a1c14484e48d9b34206c263dd7,1
0x8330a84d3c16a55302f921c36979b1067418053a,3
0x833d2954aafa166692d24586dab6f81f9aa42193,1
0x8358e0f54179ec00736411244489c60c0c14436b,1
0x8376039219c5750f49a898826557b0dc5baae9b7,1
0x83c9440dc34da00c47a0d4dc2b598d7bdb1b53f7,1
0x83d2e472495f408bd0bc85702f4be5ef1acaee80,1
0x840b1dc2abb99f1f86d549303719610f346b2aaf,2
0x8411482ff223a2734d6d9de4cf5b96f1ebc4f828,1
0x843aa999827ae6d187f8a5b6ab4afb1b1597551d,3
0x8d07d225a769b7af3a923481e1fdf49180e6a265,10
0x84d669eaf07d8e42e153d277fdba94e319571b75,2
0x84e1056ed1b76fb03b43e924ef98833dba394b2b,1
0x84e3e0f568ed68b4f6827fe797444b3d5b1fd8b5,1
0x84ecf15af6fec307afeab934b46947967bc02d5f,1
0x84f4ccc36fc9d5fb1947949ae5572a33ad738667,1
0x84f9079a9a39ae80cf9dee65a0e316b1a897684a,2
0x850cec90edca90981a3982bb6f06c16a59ab5f31,1
0x85488d8616ba29219a8eb0e25229ff36e42ff1fd,1
0x854c4d44e1bc07b7a7805c116b01a8e1895635d5,1
0x855eab463c41f6ba5de353c462878d930d7895ea,2
0x85617d0340234d7e522fc46bb79abb7a8b27d461,1
0x856dc4a12f08afa49f42b52f81769a96505f312c,1
0x8595b7e8f4d3287248db45aca4ba4eacfe4ab78e,2
0x859e1dfb430a7156faef11947f2fc2a3c34b733a,2
0x85d903bbc355fc763dfb6a358088bc14862ef633,2
0x429f9ada43e9f345cbb85ec88681bb70df808892,10
0x8638c0a8c936defacb575a2ad5b103f2a3876ce7,2
0x866b3c4994e1416b7c738b9818b31dc246b95eee,1
0x86745983df675e7e44d9041b9cdec809b39f4248,1
0x869daaa8257abbba3471a909cfa9c728be4d82f4,1
0x86ab7f14002412fb8609c670c3e49f949aed3989,2
0x86b474b800318d67b1c41a00ebfd259312a7ecd1,2
0x8755f08374bb0bc598681c324913cbde3283ac18,1
0x876133657f5356e376b7ae27d251444727ce9488,2
0x877af5bf0e8dc66ab94db93f71ceea589d419d16,1
0x87e01fb4b241d6d7b4ef9e0ca2b4b828983197d7,1
0x87e81a42d382a430fe89baed47da03f3a4aad31c,1
0x88441dcd4bc985965e69ecf5a454b04dc84ed876,1
0x8846d12351b96363b87ad0a8712aaf99bd61e0df,2
0x8847ebaaf29a18396e49191602f8d8d141b98aa7,3
0x886241e011a6c148bdd96b097eb27962f8a1c5f0,2
0x8864486c1be43143b2fb2992777ba0b85129f3e4,1
0x887c3599c4826f7b3cde82003b894430f27d5b92,3
0x88884e35d7006ae84efef09ee6bc6a43dd8e2bb8,1
0x889cb44823b35fc53dfc3a8b58a825beb6a737b5,1
0x88bd639d6b029596b029c61490f29f57b0bf4a3f,3
0x88e863d4572d2dae27db81e98837a9dbeb0e7a12,1
0x88f659b4b6d5614b991c6404b34f821e10390ec0,1
0x88fb3d509fc49b515bfeb04e23f53ba339563981,5
0x8914c9a0defeaf467b4136d2e95b876ee098af59,1
0x8921d08f3068b3ba08c213eacfb744fbf75388c7,2
0x894c933c4113fa86a84262f12610d4e8266e9194,1
0x896002e29fe4cda28a3ae139b0bf7bac26b33a8c,3
0x8983601dce0609fffa9e3f7f24abaebe95ec7a5b,1
0x899e8f10b289527045b0e549d815d3c8d316a911,1
0x89e479c11ad19ed6780c7739d73a6fb3b88083a1,2
0x89ec3894e7832541eb1730263ea3532c0ee6bb67,1
0x8a3d0d8deba5e92db7c4fd67d95d4ffc5d9cdbfd,1
0x8a4a50b13fd2cb36feb96c408cb98b4c9f2b8f25,3
0x8a59f36d7d44460418781ded3d1ca45e19f2ab02,2
0x8a7f162daac546997cc36b6b7c528a21800507b9,1
0x8a90d08e22a31bf32bd650103402bcecafad32b1,2
0x8a9b0848e2c19de117a3f2c23a5fef709e63cbb5,1
0x8aa551307a15c14dab7001c339aa8cb63461aba3,2
0x8adfc6e6e6da6ed9af7f094b3f3115ed72048395,1
0x8b12f752117b8a76190563b4c55eb25f38a40e71,1
0x8b21033337a7066bcff10fe0b3ca2a9da1c58a1d,2
0x8b755129dab7fb59f665bca5827220442f2cef0e,1
0x8b807b96c111ddfca0c8e59b94c510e7be7c702e,1
0x8b8ce5b07e0a94fe1b446035ee5d651f90aa7a36,2
0x8b8f9a972b19a26287b28162e49787a1f3ec5a32,2
0x8b93743303d939eae77cd70d3ebd9450092a7369,1
0x8bc8b4e4921101bcc56ec084b906069b73de7276,3
0x8c155a38df395fc6c913e1eed4463c03055ffbca,1
0x8c2e843664be468522769b0d1b3b604a17962249,1
0x8c80c1fe10912398bf0fe68a25839defcaef588e,3
0x8cb85b3fae649b1ce508dcd31dcb0b9023a1fb2d,1
0x8cbf7a00de4327f173c2a83ff8a6ff63ddadbcf2,3
0x8d2a309db3176423569856c245e13cfc6baa53c8,1
0x8d4fcf8170a20ccc91fab546ee57bd01c930e608,3
0x8db2adba1f8f2b1aaca5a75f0b8be3504a04e5f3,1
0x8db32d6ecce6b7a3dbebfaebe9b329022ec86acf,2
0x8dc4310f20d59ba458b76a62141697717f93fa41,1
0x8de90adbd431dfdae0cd81937fc1156031d50f19,1
0x8df937afdf1d08c2ba565d636ca1365a42144385,1
0x8e3e38452c0215d0ad940574e3db6ba87c645fd2,1
0x8e4ed221fa034245f14205f781e0b13c5bd6a42e,5
0x8ea42a3334e2aab7d144990fda6afe67a85e2a5c,1
0x8ec7c75b01f4042628727300717e0b32b33802ac,1
0x8ed57576e9219b2c6b966f966ba8dab65444e443,1
0x8ee3fc743653bc3854a71fb06505ba4c988a3148,1
0x8eef779818afa953b0652e45438423ebe089f55a,1
0x8ef7317de73634c05b3fb341c07af5c6ff7043fd,1
0x8efd27a5a585e2220d3d013f24722d8474eaa6f9,1
0x8efe50a4b8c8b64fdc93a5b1712fd735d8223cd5,2
0x8f0d4cd6f0dc60e315188ccc1c42f266e8de86ae,1
0x8f24b7bee60c5421101e2e596b1008522368920f,2
0x8f2a0c6bdd5c1f61552558d2c0d2afe6d3dc5272,1
0x8f2e97986a7f43ade326d4bcf30b9edfddb07922,2
0x8f38d2d7094825002e39af5107f61a0699a962a8,1
0x8f676ddd0e2cf1ec4047546b7d7c24c6a723dbb0,1
0x8f6e76f3059dcfac435bbb7029294eb6ceecab23,2
0x8f8d28918f61317de14c93dc9bae8dfed4e2f11d,1
0x8fa54f2e82c2afa672b3c1c3931751af5a5aa2a1,1
0x8fffb08a892b348c3df82695f55f866d85bcd358,1
0x903a97385f13597ea34e1952c6b50d303498fceb,1
0x9079426b034c524ebd6cac9cb78dbe8cb0749f4e,2
0x908e8e8084d660f8f9054aa8ad1b31380d04b08f,3
0x90b0dec1f1bba847015904c115b8a99bf22925c5,1
0x9109358674f1c9a1a945a1d9880fb7ef1ddc43a3,1
0x910c60c049d833a7fd2f5bda310bbea1c5fa3598,1
solarcurve.eth,10
0x916986deea4a3f031f82b0412f17dbcff9fa39d2,1
0x918cd54a7c8fc49b311826692e318f0ab898c0cb,1
0x91968e4bde01e1dd5d595ae4d5caf306797b6d87,1
0x91a502bae962c2c5da1fec8c4ec69f2a2a84a283,3
0x91f7c7dc5a44276482c102178fe1d620b397c276,1
0x92100ef14c79debbab331afb994fa18ac6f2e82d,2
0x9240d4b5b51fe17091d74e8bb5be6655eaab794b,1
0x92a4f58009df9eac5f2af6d05977683639f0060e,3
0x92a848b0a1e5a92a8abe5345ec21ef87d86797ac,1
0x92b48a3e9df16bf36000b5a7e93141673103bc1c,1
0x92bbf680e4c1557e888a5f51bcd02749a2df6f3b,1
0x92e1ca8b69a44bb17afa92838da68fc41f12250a,5
0x92e216ac6dcd7d67f138443f95fdc83bd7dd398f,1
0x92f9c9ad9874f96db57c66e4e34b607d11cb2999,1
0x9301f3bb7a71ab4d46b17bd1f8254142fa8f26ad,5
0x9340494e3e86694fa8e387f6a12fdfc993dce58f,1
0x93442eb8f90330704cfb2ba5da88d6bdddae6aa9,1
0x934ef57c6786fc2345787e1bf023ff16c8d321d5,1
0x59a5493513ba2378ed57ae5ecfb8a027e9d80365,10
0x938a49e24fd7a26149dd537019078d8a8f919290,3
0x9399b6934a797f133e452cf1523a4254629ebf81,2
0x939bac3bad78752763be4dd1da19e8e70995a408,1
0x93c6c4773e8ceae55a2ccc3064c4819be86f6e07,1
0x93d5d6c6644547e5427b0c89ec9b895ffdd60ff5,1
0x940214134c5e8d81dbd5e9015908c697dab5e0dd,3
0x941a5f83b5ac79d125baaa993d85d2e76f8a55d6,1
0x945294c67752bd0a453975c04e3078c487a858df,3
0x945d28df9779795bdab5bc6fdd9f36c0ef1f7190,2
0x9475a4c1bf5fc80ae079303f14b523da19619c16,1
0x947b7742c403f20e5faccdac5e092c943e7d0277,1
0x94824d798c4d2fd2e093ee4e0084d2f1f75f7554,1
0x94874738ca13ad5070a079e628b417b9ae0ff68c,1
0x94888e209a5b258ddd2e9621c614499fd3f0c195,2
0x9499054d02a725316d61fa896c29d58550ee4a5b,1
0x94a468fcb53a043bf5cd95ef21892e02c71134be,1
0x94b7a4bf420d2997ec911bf41d90f3b5af417082,1
0x94bce1057e95d61a9754a238cddbda0989787154,2
0x94c99d650415cf4119dd6398dbc160a4b3952c78,3
0x954411c24db597aa34f9017f6affc9e7a6a563f6,2
0x955916640f96efcd66f4aee595e0a44700a57868,2
0x95687c27dce4d413a91a0e1fd0478f4751da8730,2
0x957342febe16d72ce462ffc649bfc6faf96e2da3,2
0x9583aea08bfaf2e8094fcfea48c455e2f076d226,1
0x95861c41e7767dc737bca90b175ad51e5f7b9ada,1
0x958c90647b2e6d1fcb714886435ab84391fcd15a,1
0x959f8c10f1858c47344dcaca1f9850128fdce825,3
0x95a46053eb9782a6aafbef6970548ce549646770,1
0x95d027b6f515827e023f7610220eeb0ea3bf4b3c,2
0x95d8bc3ebcec8a8f2d3bdafe141ea118fbd7ca3f,1
0x95e9ffc26cb33fa701a56862cd6e2b4c96cb444e,1
0x95f50cf888dfec90321dc376c1e695f15b081595,1
0x9628be77fb3dcd890fd93a5d039092fca855d3cc,1
0x96409069b740744a084f3d7cd95ec36c72b6e6fc,1
0x965658b4bd00dd1967cc4f8220462b6007f15860,1
0x96adc904b512c6fe6e9ea64f4e0327c7920af981,1
0x96b96c944f4f9eb6f9e949d622ed7d03d4447bc3,1
0x96d8ad0c106ef5d79e6aacb0a83849667f204a1b,1
0x970435e3216685ff808d4e6b161117ed7e79ea0c,2
0x972a7c4ee6d0988a010cafb09f794cd1a169293f,2
0x972a8b7d891b88220780421fe4d11f174354ceed,1
0x97432c12ea8c957c3ae2d59c9953cf8df9cbc5b0,1
0x976beebbcf1a819b770fdf73e8e134137e8306bc,1
0x976facf30726e2f60082f98fcffee1486c394810,1
0x97b102e00d88f02debfd6b1e4b901dd6931bb982,1
0x97b90fbc8904f861f76cb06bfa0a465b72c5e662,1
0x980c92a4894fdf4105434c354860b19a45a704d0,1
0x9813bb4f6ac2993d67d293ce5ec915661eb539d2,2
0x9824697f7c12cabada9b57842060931c48dea969,1
0x9834b17a29652e317202109c2e624fe0a32a1383,2
0x9843c8a8263308a309bfc3c2d1c308126d8e754d,2
0x9871274111144381f9f676e9b0f6783399fdaf9c,1
0x987f05b5eeb8b30b02329d3888bebc3a7424e999,3
0x989fe87ee8c8de837908d4adcbe575ad8b349191,1
0x98c366dbe6d98a2d6a3ed471608921b03f3abcca,1
0x98cf9dba0b2c147fb2477a001e87b565073bae1a,1
0x98cff02d1cb6672a47ba1a044b5ca80df39a81d9,1
0x98d562c7a4781e3e6c0d16f67469b0a3b0cb25c7,1
0x98e4045cad26377a67ed26e92a2024646ddaceaf,1
0x994cf01f34c51426bcb12bd30ff7079e280e1140,1
0x994f96722575b64b27cdbe327498f34aaa2f0043,1
0x9997ee1febf59ef949c1699e9bc7a96785d6186a,1
0x999a700e94f9b6bbc464d59f879234a05dea89c3,2
0x99c5e30533e8677ff4789bab9dae4a97fa30bc47,2
0x99d34e5e69be421e294f130433e2cdb0f875129b,1
0x99dc5648b582852387164a7b85a32777ed04eab3,1
0x99e8845841bde89e148663a6420a98c47e15ebce,1
0x9a0bf4c2cf0569856f658d0033d7e00e28bc6dc4,1
0x9a22a348cb3d4be207aec0d45267671cd68ae2f9,1
0x9a33ac49d3373147da47752e20b322afbe9fe367,1
0x9a36af7035a018d2471b825031552c0043f33e7f,1
0x9a44394ffd96a78d0b5c5b2f5dcff6052c70176d,1
0x9a526a5bc7849e2872c7146e8bf81ba4657bd529,1
0x9a5e4d421d72bc1835e6a7b9658ca1924d12d0e0,1
0x9a6342516b1b209535c3a904ffd5055a45e48e29,1
0x9ac41e441131d8bad5f165c2a8dd71e5f7bfaea8,3
0x9acc748be66b780137ac3693b39454ccdf32197f,1
0x9adc511af137e5de97f1030614762fa691b8df68,1
0x9adfd762d997bd382028a579bb68bdd49d97493c,1
0x9ae6b470d238a4ab42cac5feb27caa5a19f89510,1
0x9af3a3fbb6999bb635a4843675e3e0fa98c6d16e,1
0x9af5ae89089c75f18ab01ece220763d97fd0dfce,2
0x9afe89355da46f42b37aa58e8334d25db3a66684,1
0x9b3e9e3e4a174d59279fc7cd268e035992412384,2
0x9b5c1aab928e4f557e07e663c2f92db8ca5b9ef1,1
0x9b616ac1d31f17be9b23560d93699ca7732e2808,3
0x9ba6baa919bac9acd901df3bfde848fe006d3cae,1
0x9bb6acee72ef687e9e0bb1b78c908526d967b745,3
0x9bc54b27d43c0de1683ce9f9266d6bc22f687c3b,3
0x9bd2fac7347fb4a4d4fd6c8c2182db822ca1d75e,1
0x9bdfe468ed0d21ce9290e4b84575208e36ac0609,1
0x9c159121ceebf937e9bad98fd0c895d7f6038bd4,5
0x9c90928e26da7c2c26ff33fb064ff9d747082149,1
0x9c9b703e59b0f3bc970ecacf6b442e1d7a801e72,1
0x9cd641c50320ad533a07f6bafe8b313599d071ae,2
0x9cfa2455ab78fabe23651f10551705de03a60533,1
0x9d11658ffbe5999d7b3b4e46ad568e0098be0e53,1
0x9d375719442c8d57ca9658ede45336787648381f,1
0x9dab4dfabc5eca084ffdd386a7b676f2b61bd871,1
0x9dfcc853d908ef27ec32826c96306841218e88f4,2
0x9e0bba8e7e9194476f1b3d329ae7f988f580da3a,1
0x9e0ee8cad01a4dfc4167d077b0e5227e0090141b,1
0x9e255e1544e5d9b5c7766076890b059a27cafcc1,2
0x9e4d15e0ecb571e7e66831334519c76130f29636,1
0x9ec27e293d8896485d2cd592f9e4b6f26161451d,1
0x9ed9469e2f75cb9a33b94890f840cab06b876674,1
0x9f0cfba70719fc84a25a4f18ba6ff101f5be4a71,1
0x9f74662ad05840ba35d111930501c617920dd68e,1
0x9fb438f1a292fbdaf4f569a8f2e2e2972c0172ec,3
0x9fc7eeacd27d38a436462bb43ad97e49106820d7,3
0x9fdeb58d90bd8d6abf04c0c956bba72b9d1db0d4,1
0x9ff7139026c3040cb537838d7c302f76256107b3,1
0x9ffe748b70c96f2c0ba70ac183a272e63cda0029,2
0xa0215cebb4fbe627cc1c41e81957ca3835dfeaee,1
0xa0556e8e8b617f184c6948df2c08ac795036daa5,3
0xa0677d82f6a3f631dd17a63eb29bfa3402f31106,1
0xa06dafd65856cac4e80b9081ca6f7581594d2237,1
0xa094e287128d62e6e872daba552ac139bae71354,1
0xa0ba6055d99ef62e5ed2f9a1d21fb9d89558ea90,2
0xa0eeda2676cd8604fe39635cad8de0c55d6b13b0,1
0xa1118d2663d83857e858f12a9ce29d8faa2ef62f,1
0xa136a3abc184bf70de3614822b2a6e6d8df018e5,1
0xa166faff77a6b23afb23aaaf5f685f9c27896bd2,2
0xa192fbe6bb68113d9b86ef118ed5696ca70fb405,2
0xa1a0cb3ce40dc9ef78f05563047f286640dce552,2
0xa1b1a631c0c1dd4899dec7c343ee59ad21867803,3
0xa1b61405791170833070c0ea61ed28728a840241,10
0xa1c57d5b50f99e8455c8a1bc167fa68572e5acba,2
0xa1fe8652a26eb29df5a8cad586c9dfb0ecced92a,1
0xa2113f1e9a66c3b0a75bb466bbbfeeec987ac92e,1
0xa270bb1241ff428927406e5fde47e7ea8592afb1,2
0xa297a06221ab3c846354e7fb1b37eb5da06bda21,1
0xa2b430fffa485250ddd20a81b609f507728b4ccf,1
0xa2ba02db5c34b11c1be0a25417851c9dfc5d4467,2
0xa2bf1b0a7e079767b4701b5a1d9d5700eb42d1d1,5
0xa2f763fcd99e93fab0b258040fd8eb51f729e4af,1
0xa322bd417154d04d5704952e550288f0f91044bd,2
0xa325076ab0e701eec54d0072974d0fd26b31612c,1
0xa351b3117e76f1810c5857a68907ac8fce2b7d20,1
0xa360e38cdf57e092218e7a5f4eb73032ee74a8bd,2
0xa3632dd93b046817ae313a22a0e76cca971499e7,1
0xa3a8487372103510d2aef56b901be55594d65ec2,1
0xa462fae8b85fff172660c5d9e3c98c84691ca4d2,2
0xa48ad65501f2537280cc1a8137148608729f0a34,1
0xa4b2ac8832c6062838e4c65fa6f23cd562d35c94,2
0xa4fb8f10e99a0762cebebfcf3c69d20f67742c5b,1
0xa536ea8d01644767fcdf860609fef3ff122203fe,1
0xa565ea02caef7d1b6b5b919f3fcf829647ed50dd,1
0xa570f2bc2295532ae260a59989ec78692c715402,1
0xa5ae96ee267697ac5fdda04eb6938508f5e64254,2
0xa5b7891cfebdcf04b62ede5d68e7ce524d4cdc86,3
0xa5bf5254faae168231140e139db98f79b65503c8,2
0xa5dc960468979961690b042aa188793e2d22e2dd,2
0xa620be44a0d4f00e73512df8726da24940430051,1
0xa64098426cda486f886bc973880d35e016284893,1
0xa6473cce13f11614745e6bf9cad704646616a9b8,1
0xa697aedf5af55fd7a3d75122faa8ffc57e84261c,1
0xa6bd277b3e6c90a53ff251d40375f3a9c525bf88,1
0xa6e381d8204d9f407c1a9e5ea4dfa433a75188c3,2
0xa6e8772af29b29b9202a073f8e36f447689beef6,10
0xa732cab697ee3f69a8a1fb99c40f37e5d1403cb6,2
0xa734288da3ace7f9a5e5caa6df929126f2e67d52,3
0xa77294828d42b538890fa6e97adffe9305536171,1
0xa77ce92a601d504a6d64af843eb5a3994616969c,3
0xa77d02130a9eb6c3b5d43682546ec970af97223b,1
0xa7860e99e3ce0752d1ac53b974e309fff80277c6,1
0xa7b301f741bed2bb89492c58074c785623e11265,1
0xa8022f2b43e4823b8286601329504001f8a78652,2
0xa806d8b9be2c56376264f81f62416cb704ce81bd,2
0xa8101f6ec7080de84233f1ee4fc1d6a2c1568327,2
0xa81ace214b97d4b9c2072a934d0c4de486757538,1
0xa8293dd8eb52564a35b8357a539146321b934153,1
0xa835ad8dffe589d5a56584ed38b7d9a1e69815f0,1
0xa8470d7e5052f64f87db7e5d40ca660cfe339531,1
0xa884a2f1a5ec6c2e499644666a5e6ef97b988888,1
0xa8881ede6ae1404e62f20bb4aa89e5b1a7e1efd8,2
0xa8c4e3ce1743d0f2a6c227548c982a7c40569940,3
0xa8cdd5f4c355ad6e4ec58811136c2e1ebfde952e,1
0xa903b19357b96603c7574fe9145fd8ab6bd3c6f1,1
0xa929af57f51a341b0e758df26fb75b42d49be4fb,2
0xa929f0764ff83e4b815ad0358927297df9cd1e16,1
0xa92a40457e419c5ec245a646da09112cdcc6cfb6,3
0xa97d4048b71975a475766e8278dcd2da1e8674fa,1
0xa99c4f924a167cdec1486aa9920de70a48455ab2,3
0xa99d561157395a8dae190a7ae2a4ca906391eb67,1
0xa9a1c028e6a637c6f7fa119663e1f6736b726358,2
0xa9beeed55f35c09b2427d9058d662b9abdee0f2a,1
0xa9c2ce9dcc090af921fb0a1f874962f65a4b6d9b,2
0xa9f3b26c5fe081669f88b48a59b370edfdf3e4a1,2
0xa9fad5a2da799b5d9b12d1aabd15421ca17a19c1,1
0xaa052288600045c5709c2e95d02fa58e79c9f341,1
0xaa371e26742290063d92f0bd7197ac2d8d3ac4f1,2
0xaa69a63f3e6150df1880fdbf46a422b45beb4113,2
0xaa75061feff23ea4e329d469f0bec8f96ceb26b7,1
0xaa7c11e5998fc876ee90d1680e0be3de8f6ff506,1
0xaa8788b9bb3ab645174b9734d8552d59f66abf24,1
0xaa8a0111e791f6db540cc2fffe0165f7119d9e98,1
0xaaadbbac0c00f44d658a5d5526da7e4b9a4dfef2,2
0xab06e86d240a5f515ea6d16c3530c6596f8bb774,1
0xab3101c12d8104b4bfb282c6b94e93422d6003a2,1
0xab3f34994048c2714cf403fdbe38ef8bee79b4bd,1
0xab6f255dac71103ea6d57b320eaf0eec901b05aa,3
0xab769309ebceeda984e666ab727b36211ba02a8a,3
0xab7b49bacd43bd4cfa41433d477f690bb9e1fb26,3
0xab888291f4127352b655fd476f64ac2ebfb8fe76,3
0xabb2c4ce15b4385e43b194f9b264b549f7de6056,1
0xabb99042fae2c86b8437585467a24a71b17d23ba,2
0xabcde0360abcba45098125e55437b005ae5df46f,2
0xabd0127d996a468a79a0a8e88f4d419e40402e95,2
0xabdd5b272217213c9693f4ddf4dc9bfca56fbdf8,1
0xabf1ff91cecd9990b3f29363b62b87fd76f55f4a,1
0xac0bc99cbc26e3d9293d757d61cafcf8bd4ac0a0,1
0xac3a826c8ea76ab6fce817d3e54da0acb5fd30d5,2
0xac4361f56c82ed59d533d45129f407015d84702a,1
0xac5fd8abbfb2efdb330f627d9d69d1c0909d6316,1
0xac643357bbda44e46896dcfb195a09cb8c6ae279,1
0xac9ba72fb61aa7c31a95df0a8b6eba6f41ef875e,1
0xacacc26b44fdb92546e95e5eaa2a1a63fbc79ad8,1
0xace32e36e3f0ebf08c793bcf390e42831c5dd449,1
0xacf4c2950107ef9b1c37faa1f9a866c8f0da88b9,1
0xad45e808ada5e7b4bac8854ba36ea10752b6b495,1
0xad742059c1536dabd8bd51134aa83b7fc7380a27,1
0xad928e545cf5598802b3c601e04b0cfe6bf6351c,1
0xada1c199aa6f0d4340a2d8225ecd0804aaaf4690,1
0xadf9146b8b6bac9a067efe0694c93d057cb79479,1
0xae256cd2d13353e549d09aea8d4105c8d1cc09d8,3
0xae2cef87d22115b1bdf52772c21b576f4657214d,1
0xae314d4517d2fe42dbfdac0861a73eff8c769218,1
0xae55c8b8387af435f86b1deda10d6e757b48486f,1
0x212baf65228fe03674da0efb88cac7eadb276db5,10
0xaeaf8371bf9df3edb08bdd7d05099d49965fdf59,1
0xaeaf8bb1966fbe33a7773c542e8167ab7390748d,1
0xaf8dde65b84ae5d77e4f9a18cdc854e324a41b04,2
0xaf9b8098424c31151749638f8258b3376cfdc04f,2
0xafaaefad7c0ea3c81cb7062bbd9123988badf498,1
0xafaba30769374ea0f971300de79c62bf94b464d5,1
0xafc4892a17bbfe6aa285a1d5af285189cd30027c,1
0xafee0b183264e33eac6ed7ef56aebeb96a9db899,2
0xb02c5eb954b95aae35cc32337cae4a6924c727da,1
0xb03f5438f9a243de5c3b830b7841ec315034cd5f,1
0xb0623c91c65621df716ab8afe5f66656b21a9108,5
0xb07b3785e80bacfb6ec656914ef098f9a6a44e2a,1
0xb0de8cb8dcc8c5382c4b7f3e978b491140b2bc55,1
0xb11f606fff7040d5b0a23a6a08468ba76d5d241d,1
0xb133838c73e830b25bc7c8c6e20d61cf64bb69f2,1
0xb145f2ee8459e2c18be9fba971feb65d8127f2e9,1
0xb159beeb1dea94440820f9a06a2f613974467e0e,2
0xb169c4c1c74dd1365d6a33a1f21dc2fafb87fe9d,2
0xb18b052b674c0ce5e2649ed4e45bb8da2cb70851,2
0xb1bd5762faf7d6f86f965a3ff324bd81bb746d00,1
0xb1c72fee77254725d365be0f9cc1667f94ee7967,1
0xb1d1efac85935345235a5ef25dca5eae83f8359f,1
0xb1dfbd6e2689e045b7b55a4794a59b018d0a931d,1
0xb1e3dd92cbb5f1a547de8fb01b615ec3c4a3d360,1
0xb1ea5a3e5ea7fa1834d48058ecda26d8c59e8251,5
0xb1f881f47bab744e7283851bc090baa626df931d,1
0xb23c6962c431524c154b3ea088fc3ca0dc4b0b94,2
0xb2502a17c5328c78d2f541bbdac38ce306e66a66,1
0xb26648a3264644f601fb3bbdcfef369573390f20,1
0xb2a13fa5dbc5f2ca5a5855f91bbd081b5d5f3f40,1
0xb2be6d8e872c7b08085d9dce6afcbd0286c75b0a,1
0xb2fba7f4384c517e1524846aba89393b3ef42042,1
0xb2fbcf2fb1eb86464d60f04bed4065404cd67e18,2
0xb31bd6eefd2f7c055d8df3abefc59ea770fbac6b,2
0xb3313b023e68cda95d7b625200e1b0fe6335a0c2,1
0xb36a67e17282c9df56d1e40f2edf55397c21b8b9,1
0xb399c88d2808e28780dcff14f39a90ae5ecc3725,1
0xb3bf22f2d4fc205aa9c9e15608fbc20b0e385d29,1
0xb3c534c79d3948a1956f75daccb4489b65ae7141,1
0xb3d8ffd804b75c4949907edc334e1ea95de6a7f9,1
0xb44831a793d4be04c06ad22e3fed000b7406b382,1
0x1a13c53d516f6e8321e9903f224861e74bbd7aa0,10
0xb48b9694bec446e3bf54788f913174a6580a279f,2
0xb49815447cf2286d436119bdf4360b71cb3930db,1
0xb49f8b8613be240213c1827e2e576044ffec7948,5
0xb4aca4d18c3f3ad9bfddd0a0dc8f669d51798dea,1
0xb4b82978fce6d26a22dea7e653bb9ce8e14f8056,5
0xb4caa764e2bf087f1a7a0cec43250892022787d9,3
0xb4cde5b28c6894e3ddf4f8c79f956d395263c3bf,2
0xb4ce15d0dd9e31052d39deefcdd4152c55b6c233,1
0xb4eba2c82c248584a2da0c75e1168d3b931d18af,2
0xb512f6eda8d66092c5ab1d6c5ec718970e064683,1
0xb55a948763e0d386b6defcd8070a522216ae42b1,10
0xb56af694413653d61bbf9fb2c77d7dbfa44c7792,1
0xb571df5a2cb0ab2e8a5de49d088d79e0182223fd,2
0xb592157cbca197999c71a8f286a8e2df37a829c0,1
0xb59600a1456d764a26dc4b4d651110622b8c3c28,2
0xb5b44c678659035cb6ff87e9f1393b54a4d0a335,1
0xb5c0ead2724e2bd8609f6dd4360f8045d135aa62,1
0xb5e576e33a7a06cb96f08b1ef2e712b9cdb22d58,2
0xb5e9b7b190aded1cb6b4990e038231b5334814e8,1
0xb5fc2240cf1c28946949ebe43c8cea0ea4443456,1
0xb5fd02ede9599b3f9864ad5b49a317b862380a11,1
0xb649642dee8e9e25b21cfc67da7dcf86828dd60d,2
0xb6bd1b9b3e6e3512bb354789289f6d8fbc0f65bc,3
0xb6c97c7060cf889d026b374623c941f74c7c3336,2
0xb6da08cd77da865e99bba2868aac74ea2cd58162,1
0xb6da5c72fa3cf02c4326f685adacf50d4f55b746,1
0xb72ed8401892466ea8af528c1af1d0524bc5e105,3
0xb743291d7aba8aa3279c93526143bb210b6cbb16,2
0xb768c53cb0e6e38716c8340c104335ffdb64b59a,2
0xb809ca404338812792c371a4a78d71739fbcbcc2,1
0xb83771d232665306d81a5f4caca7ccf0a3ca193e,1
0xb83ac7549db7774ab59117483933bcf11f27c090,3
0xb8421159252ecf26b066127b4f86896ae8de78ea,1
0xb843de66d048e87d986c6dda826a79e9a724d894,1
0xb89b619e3f6c35019d4be83e92e99e809af8ecb3,1
0xb89dc2a12dccc64ff60072fbe1786fa68b5450db,1
0xb8a883325e4da8a222e9e2d06a1762115b6ba7b3,1
0xb8a9c37240e8b72f42a88f1099e6c61dc3e96756,1
0xb8e3a52f9871bd68ccefb4558f00e7135b1a92fb,2
0xb91e8c6d109802965af67950ec13d7bae8495408,1
0xb933aee47c438f22de0747d57fc239fe37878dd1,10
0xb93b6adfbfabf7262f6208f68249cdf49ff390e9,1
0xb957dccaa1ccfb1eb78b495b499801d591d8a403,3
0xb958d9fa0417e116f446d0a06d0326805ad73bd5,2
0xb965d68052b849b29fe25497c51659bf9678bc9b,3
0xb9b93bf2db3678b010e71ef701d763aee144e93e,1
0xb9bfe49eaf4b98e5062974da12547d99091f1d97,1
0xb9ccea572a82d096f0100f46729aea77bd63c454,1
0xba1461e8d222e1b3c05126774c1f4714abe33cd8,1
0xba23dfd7cccd3587a1b8909dd5bccfd92aceae6f,2
0xba2db0508fc7848972ba96602b19e68b48f13bf3,1
0xba3d971e2f9311e8b9f8245d37e3c5752ce708b7,1
0xba469afe40469f8133a1a261cea6c4e799b38e42,1
0xba51a66e6f2c54e7f6cbc679dd723fae8d814a93,1
0xba910716fd4b6b4447aea613993898eeb63844ad,2
0xbaa32387bd55553ec806622d524b12bbb8242a19,3
0xbaada0b5e15aa80b5693afc73acb6013f2483f49,1
0xbad816eaac24aa688dd57e8ee5568c8fdac8eba7,1
0xbadaaaf7f5d6cfaa1e69b87e4698442bb0689b67,1
0xbb0244016a4dcb20c499b50e740083cfbb6c2f78,1
0xbb1d9a024fee509d165d6bf3bde693e87735f0ee,1
0xbb2b1ca23afcb616837f2966eb26c4c50ec8d080,1
0xbb59ab2c42bf365885dafeb3f9307d1130edb330,1
0x067b9bbbbc42d2ab9b9ab6bb62646daf7f344a76,10
0xbb7bb43af885549f1bbf5724213ee48b40ebee83,1
0xbb8fb8fe5198f25d117c0e7b1b9c8260cb19c3c0,1
0xbbaaf7095e5f4e74b11534532c5d43a3c364bad4,1
0xbbe43612b9b577d5d9cb786324880c01d5792ebc,1
0xbbf51f342088e76a83f26bf56eeeae3b42c0e030,1
0xbbfc1d1f420703aebe13007f5ce0182f70bf35b9,1
0xbc04652b7657e9a7c2778f04b425683955de88c1,3
0xbc1939b8b22d47aff7119917c2e8ea241d1c367d,1
0xbc552fcdc59b572f3a09cc82424a483a233f5914,1
0xbca294543b46ff11cfafbcf67434bea23c21404b,2
0xbcac361dab6a11f17894b31732cfc88c47993c41,1
0xbcd8133bb212f13182af76113683eef177fbd607,1
0xbce35d5a3e89995730b3c979a01319d06e41776f,1
0xbcf9bb3a514535db963df6a21c50299760f22993,2
0xbd5bc121f9fb413d77fdf39f6a2aa45a9d8bd6b2,3
0xbd5f7f276d94afcac1505f93a98c0ec39a6e6a23,1
0xbd7dbb5886786af713ebb1841323c528699bd92d,3
0xbda0136ea391e24a938793972726f8763150c7c3,1
0xbdbfdf3e82fc9d2be1352e252ab1ce2287fc2122,1
0xbde8d3ef66ea8a6c38024615e0117c4d7b3d5cd9,1
0xbe207e5492a25335d0b13378346a6b6c703a1787,1
0xbe694be8e812ae1a99443b32041142c36597a772,1
0xbea9a04e1b82a3f6ad01ea8f5b43622f95f3f353,2
0xbeb439195367d87184733badb1f4f26a7df9c576,3
0xbebd087a12cc28bc108245ecec608d1c04862c1c,1
0xbfaeba1ca7a282d27607a8353801cdaf35305a91,2
0xbfcefe14564fc73dd74324083126f17cefa30e47,1
0xbfd61cbadeab8135dcabf58a912c648897e92cbb,1
0xc03a8a6e8bfdbd4ccbae74d7ec005cf66a699087,1
0xc03f8455f1492a1598b43211b0573b67ecc58c62,1
0xc062eeca3891539f75054b1060997aa3459b7390,1
0xc075e59c65d81d28921934deb76dc52619efc416,1
0xc077c537727b07a6521332da75fa8966192f425d,1
0xc07ab0222713175389fd105bb85fa82d8510d13e,2
0xc0ab96ce308fd93c36d282d939bcb9a60fc69f2b,1
0xc0ad5d21ff19a4e85b016bfd53ced8842995c151,1
0xc0b6389713bf59be9e77be9a4e4311fed48c8d38,1
0xc0c92c49f2e516550da3ee5feca2b2725ba32c7a,1
0xc0e2324817eaefd075af9f9faf52ffaef45d0c04,1
0x490539f53dd0344287b8c8fd85d0ecb8eef44dd0,10
0xc134f280c35dfd5ccd47ea1584e987ab64389fc6,1
0xc136fcfb1667e5e882b94941efa104447f248560,1
0xc1d22b8bff4b2db03243b68b3e0358562ee4b7f4,1
0xc208934e867dfcdc10e5ab58b631d2c3185edbc9,1
0xc21611a12525d3ab940c339b8ae4c4be5865b6a2,1
0xc22c362de96ebe900260ce4adf23493b8875bf5c,1
0xc2bc462bb4ef7fd8d4a350dc9681c676ddf7c0ee,1
0xc315e20930c61018b87785c7528fbe64f2c2f078,1
0xc32c8c6e1c6f4fe66e10579f552a6b990b36e8b7,2
0xc3397236e0ac8948d2acfd42a10634d9bc5ebb18,1
0xc343235ec8143eab788d706165d50082833ff137,2
0xc34ae1a39662415a4720d4a3e7c2be0e202568c2,3
0xc35b9b6990c4daf088ad44036a42b2c3d6466687,3
0xc3a8b0ee40098e32c1d749ebcdc6c144ada911cd,1
0xc3d8a431312ffbb0fc106c1e0282b14712fcbb40,1
0xc3e61f4ef0a95e616f75f94d5b6a358bd9dc18ac,2
0xc4183eb94164c5e7a3a5d5bcf70fcd6e7adc5f75,1
0xc43622e0f55c772fdc2fd876ce84dfc50d6ab797,2
0xc45d45b54045074ed12d1fe127f714f8ace46f8c,1
0xc4a0fa56e054d96dc57d44ffcddf17c41ec6c558,2
0xc4a25ae53ddcbc62acacbc0c3f25a38d3bdd77fa,1
0xc4c459668fb29833d7dee997d7d347e2634c9cef,2
0xc4d2dff9715ad4a36ae68df99252f8e8b5116052,1
0xc513f38b2a6457e75c6de1f95b60f9f318a34ed4,1
0xc5398ad3b30e5b9d9eb98cbb8a07529e5b365dc9,1
0xc58ba8f7d5f0d08b93bfd66e59f87083ee6fae6b,1
0xc58d054217281e665412c45271319bf951f4fb2c,1
0xc5ad21b2cc0ec7ed117831f963a281fe7685287c,1
0xc5cb2cdd2a2dbf6090a30407189701bb24e6318f,1
0xc5df8672232f1c2b75310e4f2b80863721705a12,1
0xc5e7184d2807b21726d67dd05b6c3011f9c5dca5,3
0xc5f9896f37829637f65d9b4e6ce27392753219e8,1
0xc638b10eb5d754bd26bb8ddaca71c7e52d1db93c,1
0xc63e80f0094ae02cd5c12d121336b41420a27dd2,2
0xc64b11f6cc007e78a4df7a4fa7b135a1a41d9e7d,1
0xc656fec076937bb3bfe5f05c3b70b07401c37cec,1
0xc6735e557cb2c5850708cf00a2dec05da2aa6490,1
0xc6978b1a39a1d75bc0200363b5d77cc478d5853f,1
0xc69adca4485c0c494f34e9aa6b0a31f343f76411,1
0xc6c9d802bc16d8746aafcac4781f9a8d442d585d,1
0xc6f724a983644752b0c445f9e802475a50df666b,2
0xc720aad5b91dc6661d3ea32ddea7e11003a0c12f,1
0xc7791d7b5eef26cda88504c3032fc7af4e226d11,2
0xc799be8de03f20b2d3b101e6f6516d614e6ffe06,1
0xc7c10871096b36b036e41d45d15b32b0cc74b806,1
0xc7cf4fa77fb3627e78e2460b76a37f0e6ca7c669,1
0xc83c3b46d8e622b9c7b540872c6af8636ddc1d17,3
0xc85fcc44005a1d24142c6b347a0256b5e9306c10,1
0xc88d7dc8dfa23d3769f7e8241f761d09a10d9831,3
0xc8a47e7e7976f85e581f0200a207bb682d9194e4,2
0xc950caec29f157eb49f37b8c57c737e79037b655,2
0xc9535b697e0b430798443c6ca5a8be257ad368b0,2
0xc97370f22ed5ac4c7b24a8e1ca9d81febb3b9457,1
0xc994dc14f19e6e9f95d1ea50dc13e3fc14178b25,1
0xc9ca00d51b5e56a065d97922fff86ff96123685d,3
0xc9ca2ba9a27de1db589d8c33ab8edfa2111b31fb,1
0xc9e30d0db2637541a7ebcc0dfa0741c798bcdcd5,1
0xc9e456bc688d0025c3466f323f66f85eaddb144e,1
0xca14410735e29650dc240245d96bb376c51477c1,2
0xca6aa0576c2adc79d2c20e6d53c07f590f62932a,1
0xca6f56177c48b4df9d76c7af8f87d4a22409c279,1
0xca7a6a53d5576102765a0281c723f863d881dc96,1
0xcb15649d7b7a1eb01fb1acd14809de6cf82aa1a0,1
0xaa73cc17b6cae8ea3be9cec5040c4101ad85f02c,10
0xcb4ff1eec273a8ad35c6c8e1a07f72ad3106266f,1
0xcb53a818042db647cb01672751b0e4efca29cf55,3
0xcb630c28658d8b4f0509d628d8d947e6f95ea20a,1
0xcb6e1613029d790c00f89296808f278d6dc25b2f,1
0xcb7958ddf673aa8f21614346d3e1c46182a9454d,3
0xcb7d829d1d504214525bc68f4cca4564afa3718b,1
0xcb9ab02bac00957b3b842b2c6e7354a289fd2c4d,1
0xcba430d52c773bd376fed4edbf46b2b045141345,2
0xcbcc36af59675e7b291dcbcf7c5adc7b9894969d,1
0xcbe7009dd3d2c48fb291a015275db1225cbefe98,1
0xcc0002972d604dced87f079306ad6a555c9fe122,1
0xcc2005844aeabbd4d663f7c45c9bd1369eb062b3,3
0xcc459846ff7587a972caeff28315c8d20390c4bd,1
0xcc4dce2e22353ddf8786b7430b1d9aa6c3274ac2,1
0xcc4e62029e0491a61a7ac1b60ab1721f6df841e3,1
0xcc6b0a35481ea40b60780b7c0294c6c29061038f,2
0xcc93ba13a7d488d2514e0012bb82cb9f05938295,1
0xcc9c3d6ed709d47255815ff5b5bb17a745b7ceed,2
0xccb5d53c4721c008a65cc02f5df10a9ce67c6044,1
0xccd72bea12f3927063be3d8798a4b74082713cb5,2
0xcce0e1ab3ad9a9935a8b6814a337afe96b87b759,1
0xcd0b67a61e5e8f4616c19e421e929813b6d947df,1
0xcd5c1bb777c937d993bc5e16e48b1669becc77aa,1
0xcd64d46653c4da18de4d36f20958fe70be419cb3,1
0xcd6f0ea30c5d3beb3668104a149fad896deab5a2,1
0xcd75942b66c1a82d7e04f65a34ce7f93791fa8a8,1
0xcd790d0813bef3add5ddc1ae5589d3a9b526cadf,3
0xcd882ea4a38968f5d8ae4d7c77d8c20317a2dda0,3
0xcdaa63e7762d078c07f344eb05b1d6c792fff2e5,1
0xcdb792c14391f7115ba77a7cd27f724fc9ea2091,5
0xcdc82d78cb49d4baa06d0988afdd27261b0667b2,2
0xce2c567ae501631fc017e5461608eaa9ccdf281a,1
0xce68b1394ed29ecaa6974536244d1d2aad4a2745,1
0xce8d52c38d74b77a0aa361c48fdce6b220a3370e,1
0xcec42f3fd5c3a972b507df4b2b9d4b89445c80f5,1
0xceea37ed947c168eb7e66a5f434bc607a2508a9b,1
0xcef28ce7884ae973990fb826c1986afaa9319b9a,3
0xcefeec45f4b313a0681f275fff7e8cb012846e49,1
0xcf0c7bebfe42ff9ce9b3923c1535316b4a340acc,1
0xcf1192ecefb3ab5622c0cfac7e1e5ac76dcc5885,1
0xcf2b7c6bc98bfe0d6138a25a3b6162b51f75e05d,3
0xcf571e890c3f319978eda4fe9f62dbe9cc7e3aa0,1
0xcf603a4b0d42337dd9fde4998c092adc9c6c7fdb,1
0xcf8e24538e6e8c6d7ca711f84539aeac0892e28b,1
0xcf9ecd940458e6b35f98376147314a75adb0bdac,1
0xcfc36d000ef5f72d212bbeb6c847a9a78d9b169b,1
0xcfcca7aea9e403744858c53e13adf8975db9038b,1
0xcfff83681b41f78bf128c541854ae5d13b714524,1
0xd03ad690ed8065edfdc1e08197a3ebc71535a7ff,1
0xd08da3621a547d7d7cb07425e6aa6679c566e40f,3
0xd0ac50d9f7516be16e2449539394a3967bea03c7,3
0xd0b90dee950195a846ec7d9f7ebc7f45cec7b9cc,2
0xd0df93fc03a7291e31947f5cc6ef526f5b67b0ea,5
0xd0e72c1b2eb87e3dc0445b7f689cadcfc872b293,1
0xd10cccffa9ee0fdb82075d85574a2c12c894be0b,1
0xd1220a0cf47c7b9be7a2e6ba89f429762e7b9adb,1
0xd131f1bcdd547e067af447dd3c36c99d6be9fdeb,1
0xd14bf29e486dfc3836757b9b8ccfc95a5160a56d,1
0xd14f076044414c255d2e82cceb1cb00fb1bba64c,1
0xd1570080bcb784b4f5e378dfd4cdffdfd6c110f6,1
0xd18e00630b8a92c3318b2cde92f0d95eeeb6a394,2
0xd18fbefddea78df614915234939619c9bad0c18b,1
0xd1a5b91957530e1b3e9cfac1543467c60c352f69,1
0xd1c805676244085838262806ffb92b21421e5b8d,1
0xd1fc89e0c3828f50b650e1309e30cb4fcf2bdbe3,5
0xd2033db9c5370ac76abd80823b5c5adc097e2fbf,3
0xd2602c7bdfc9f413974e944280bbfae275d1b1b6,1
0xd2801e7bf6a72cce1ec225bb007a26815aff9878,1
0xd295584135829d89427674b72560222b06e08a15,2
0xd2b2f14e25ccf9e7d62611586c2fee55bd96436a,1
0xd2bafa7f3ac35b38ca4a67e07cbbab1ac0f3796b,2
0xd2bc3f00f8b5dd1159708ada58b42a2b3adb1eea,1
0xd2ea42a69287a0a1bacd9259fbbd61a5db977248,1
0xd314cb3388d80236ac7111be118f86d8558de8b5,1
0xd31a84c20bc430ad75e6a1903e7ddbee52211072,3
0xd321aa4d29e4df1b3d537196607c9b3ce8822bba,1
0xd334741d0766b257b18f2d058e844e17e346a0c1,1
0xd3348bef93d6c2dd82a05c68c69c285dac7115ca,1
0xd33efc59a54ce45ef1160958c356e8343c55a341,1
0xd353bde2c00ca5ee95461031808ad34bcb2c78ca,3
0xd3766fce527ca0d75c31a49f4234ed21ad7e9ceb,1
0xd38ed5dada136c62907a586474333cef49323534,1
0xd39ea6043d1fa03f5be2beb2cfe65faa4ef0e595,1
0xd3e14d46ee219ff85174c076ddfbb7f99dd0f9b0,1
0xd3ed2b8756b942c98c851722f3bd507a17b4745f,1
0xd40c80da31dcf061fa66ffbbd981bfecd5885af6,2
0xd417b6829cf096dd1442339d5b4441a9c0877893,1
0xd42627f3aaa1b80160414b329bfe7d6aad770991,1
0xd44bd863d78f4bdd0fb45c5dfa117efdccb040ac,1
0xd45aaeefd4683608e610bcfd7e119efdf80aa4fa,1
0xd46f7c5b3661bb2e4a81cd1eeef7fa8acff43491,1
0xd498cb6fe841aca66f7acf395d278c2506ee5380,1
0xd5231d23ed357409a538541358a4a6a0496b22cd,3
0xd5243399764febde401136ffd028caa9fc8e3920,1
0xd5388291eabe96b56069440c97046791e2f72573,2
0xd54d23200e2bf7cb7a7d6792a55da1377a697799,1
0xd589a999b7f71365939bc2a96249e2b9ea315685,1
0xd59515ed5d580246e82e90ed2673d78039ef8fc6,1
0xd5a2686b02a15b5269848dee6e913f07f459782e,2
0xd5c540ca44a8d10b1bbe0f2f54a919ba66f0d953,1
0xd5cf44f59d0079be8764d1041c5d238864e7a28b,1
0xd619f816156effabf9ddab313cff6b46cad3fbdd,1
0xd61daebc28274d1feaaf51f11179cd264e4105fb,3
0xd62b6f9130831ad0742783695bad534c6c64d013,1
0xd685dd21bd58ff6976f14c4e7f847a2da0047965,2
0xd68cb5ed6e88ecb741fb9249379133ba1c4e040a,1
0xd69fa0719764fe93302c46b0656fd764ceada23e,1
0xd6bae8722ed651ad950d3d16a1fafc00d3deece2,1
0xd6e718ac5f2f45a8f784a4d1474fb538a9abbb56,2
0xd6f105602c7bc9a0a6e1d8f5f28f81b2cd6f18ea,1
0xd6fcd2f85fe975bb9b0f3c1b1c6802bb09d33e43,2
0xd70804463bb2760c3384fc87bbe779e3d91bab3a,2
0xd7089094233d11c834df103bed938bb1d4d10652,2
0xd753c064b7570df7e1a77d9ef2fceb1203a4ad1e,1
0xd79a746bfa1c8686626551a0aaf0c39f2256d63d,1
0xd7b26011e6eb5857a6251da1f77e9f3d8aac4489,1
0xd7e1df3c6d6f974f2aed3d13cec917217c9a7187,1
0xd7f69d59b6e8e6f3031b12f692d468bc88ebdd97,2
0xd81a416d7dc74343a63f4123f84c00752ded1211,1
0xd822554abe37b52e34d0c599ec828dc8c46721ff,2
0xd8263b8b277c7df352f1851923125a07a6982540,1
0xd83256a8bb182e7be2382550ed24861c71108d35,3
0xd85df04c47d6072e84a2f5758d7fdca662da5cce,1
0xd8da6bf26964af9d7eed9e03e53415d37aa96045,1
0xd8ea33bed4bf23b37569e2a37277570c42e976ea,1
0xd8f6877aec57c3d70f458c54a1382ddc90522e7d,2
0xd9293636ee3aa663fc563adb0912b0705dafb62c,1
0xd942010f8808996a682502df5d5b2af7fcbc7318,1
0xd952fb344ddacc0c0e8c23cc686c10d5dda11a97,1
0xd988297e9e35001992028c4153eaf1a4de505098,1
0xd9c055ebb562056fc195a254da53ce92ef60c359,2
0xd9d00c42bed99a6d3a0f2902c640bccceecf6c29,5
0xd9ea58f4a8df503d364a4b1136ad62219069a2c6,1
0xda01f34af8af91f476c494864d092026467c5050,1
0xda062aba66eccd16f293d7fa22335b9af335cae0,2
0xda3cf9e341a4c7ecf41070b074eabdc5d433f159,2
0xda5b7f6d7c32dbc04e3ea7e0e9b1eed6342275b1,3
0xda65fe3d9c2f820c8bb42bad6c9d1c7e2366c007,1
0xda6c2d0f44352d9f4b8ebb00606657310ea4e26b,1
0xda79e34723adf8ea11cbc77def19bf7d9e4ba315,1
0xda8639ebade510607414fe396e98171280ee86f1,1
0xdaa39d73ef9b4495bfe206ff13ee29e759f95d63,2
0xdaaa1ba6839a7f04061da8805de5800b152def2f,2
0xdab0d648a2a771e6952916a822dddf738b535f5a,5
0xdac7a91516112703448b5d1fbc8b679fce838e8a,3
0xdac9cfe34419fafb96bef1a684ab8e2b62f4ad33,1
0xdad6849d44f89e61d6e634166a16178f923586ab,1
0xdaf9fc8b8bc412e79d475b4420fc61fcf8d60049,1
0xdb322cc0d1a46b0a27e1541c81004065bba22977,2
0xdb7f7eb6776ea3848e50bb60be6ff17b7e893ed3,1
0xdb92c096bc5efa8adb48f05cd601dddb75228203,2
0xdc08260b328a2e61dd24c51efaf1487d0588e964,1
0xdc09eb652d4568c3e22d176bce8f5efb12af7716,1
0xdc1f98682f4f8a5c6d54f345f448437b83f5e432,10
0xdc3442769db7d34e6468ded0b9b2a1baa4630c99,2
0xdc6657a6e3ee8ec7004dadd99a7a030b975556f8,3
0xdc7f569a3d8f100041707be8cb711d22b6d5e256,1
0xdc811efb2d69c96f8d4574971ff558f86ecea9b2,1
0xdc8eb8d2d1babd956136b57b0b9f49b433c019e3,2
0xdca688b9693a0d2f98f4a9e89b978978005b6570,1
0xdca9bbf0741e95dea21fc3d92ea418c7f0d08da4,1
0xdcad95c9894d80fb30817f59e7619fd9128f64d1,1
0xdcbb4592cff1c51be53306ac0340270282786e34,1
0xdcf0cea092464d1b9cc16fee9fbb5953846a916e,1
0xdd3b7cfd948d643feb75ea3e07d2dd6b5cff4bd0,1
0xdd5770b0f9f17f0228cee1f08903ff6b0cc7a7cd,1
0xdd7724eff52c6ec5f2f7649eadd5025d890b3690,1
0xddd4d4c17971dbfc6fd781c3354dcaa7757a87eb,2
0xddf5c72bb38f540613951f5c74413035df599e97,1
0xde0e14e314ec13cabc21272f9dd27dec0c92b504,1
0xde58dd01040b8e1c686145d002b9c390db829eab,1
0xde624a36bccd38db850365b34bc99ab3b1252415,2
0xde88d146f61463d582262a1dcdf6ea1323aba34a,1
0xde926c4c49bd9a2e2aec3a2a83b21908e257a3e5,1
0xdecd4b961b1984c44afbadbe2844777a627572aa,3
0xdf18b6cc797270ffd5f0c47780889239fda53fda,1
0xdf631777df4debcbcd647e85bdcb868b43663ba0,1
0xdf7a23b9e0d46e5a96fead2b324aa6f85fb7227e,1
0xdf8e030c3be481be8aad7d40f34a09524269266a,2
0xdfb7c8bee3f61b6a2f7c616f850613436b7a747f,2
0xe02457a1459b6c49469bf658d4fe345c636326bf,5
0xe0268949232a2fb9099f31faca947c12ffb54f89,1
0xe03a2766325d914898cda00d4ef927a305786aa7,2
0xe0520e692eeda15184e9cf2724d609b841cd1b1f,1
0xe06f8d2321aaa559bfcfea9f6aa5ba0bdb8b857d,1
0xe099d39b893f81cacab91436549d22ef8171d4e0,1
0xe0a013a77c2efef233dbcf2175fc2681baee47e5,1
0xe0bfbf48cdf2d4cba3543ef6e4b9dd110c84b878,1
0xe0dd07b181ca77ed9063821b4d2d28a85f722f5f,1
0xe14a13b8eb93b6569a748ea57a1a97025fc82be9,1
0xe158dcc1779fce4c48c8d3155ec35fae7c52d093,1
0xe15f11ff2364311e0b7250aaa51a2bb4d7fba37f,2
0xe180d626a4229c1f1c4cb0278ce071dbcc172adb,2
0xe18c444e82ddac4046a55355d97241ec59c7184c,1
0xe1a2cdd4fb58eee09da78db898adbadcfe5f1780,3
0xe1e801e4891a88d01a028d8ef34352aa07f188dd,1
0xe1faaeb0d29c9cf411cbd47daab14a21ebe266a4,2
0xe21c2c8f90e102976f3c25e5a4d833456a2d2516,1
0xe239ea692b7b994407408a63b421e09193620938,1
0xe2529459fb873daeed4714e76b8601807ef68dff,2
0xe2850b8d2f55fa7f6b3d4f8484240d94c19efde1,1
0xe30880fedbdc6e8b0c7ddd175c50cbb2fb55ee25,2
0xe32c8561c14f5fcc6a4d4310cd866ae48aadd533,1
0xe36df4d4f867d838b8c35d3e28ae41cc8ba00c01,1
0xe3b57b770ee1638b566237c48395a78e0aa56fee,1
0xe3ba5e216ed8156d3de3524ffec7bb14056d6c84,1
0xe3c9ece23316b6b06142fa0ca915f02c323c6b21,5
0xe3d091e8122e65a0bd6a3b1bc1ee12b7c4ebb61f,2
0xe3e39161d35e9a81edec667a5387bfae85752854,3
0xe3e982096481373e75290b12fa95457c982d4394,1
0xe42d92a065f2a7b389de91b24797486cd6ae572a,1
0xe4c65d7deccbeef7c339e292a557e681111c46d1,1
0xe4ec13946ce37ae7b3ea6aac315b486dad7766f2,1
0xe5350e927b904fdb4d2af55c566e269bb3df1941,1
0xe5501bc2b0df6d0d7daafc18d2ef127d9e612963,5
0xe5691dfc88e01c16f46560e1a5e6a5ebf0678bf9,1
0xe58585b22cc2ac4270a2b92c2d2d8c5db5a3330e,1
0xe5a802314602d45ce8734df30701a45f7875759a,1
0xe5b1b7295b3a82d5ed9d16cf3c79ad0316efa279,2
0xe5c0b2b671928900c1d2bd523a5e380c23a7e884,1
0xe5c80a7963c0d8f4ab9c0bb8d854e47594cf9394,3
0xe5d3e3bbe6e146a570464a7009e885dd6a7fe9b1,1
0xe5f392062aa17539b946d96694422c4dae77cf07,1
0xe5f55468585ef91cf1a87aa3af4c830fa7ae78de,1
0xe626e8ca82603e3b44751f8562b5ed126d345140,1
0xe629013195bf847de6333929af0833ad5f2855d9,2
0xe65c2be6254731e93368cc071a2420b0c961451b,1
0xe67b3a392dd25652d7a9c20b7ef6b2da4884ad03,2
0xe6c2c118fdbfedb21f7f051e8a9360626a3f6d33,1
0xe6c486eb5f5cc2c64b53ab6c3942986d648c9b89,3
0xe6d324a6b7904160acea6144cc80809dbf337f55,2
0xe73c98667c82bb76e58c0d9b065b6a0c9ea2d088,1
0xe75781091428a2423367c704d2890a47c52fe1ce,2
0xe7a2e3c4e89e454606409c40d6c63dc5e2addcbd,1
0xe7b69c2263932289748b322a597ebf93208b61ed,1
0xe7bfe9b78d32469796deb029b2bea3d68773aec4,1
0xe7cf8fce5e83e07e56e2ebfeb7651f459c47217b,1
0xe7e9f9863535db549bf55cba243d4c0acbabaab2,1
0xe8192231a0d109b35fe8b0de76896f9ee710e96d,1
0xe85d65e3927451ccc130457e75bf83ee1a5b85c6,2
0xe88b332014f249e78f641c9dda0f9e1fe7023c8e,1
0xe88cac4e10c4d316e0d52b82dd54f26ade3f0bb2,2
0xe89f973a19cd76c3e5e236062668e43042176638,5
0xe912bc1f48e05629e94e5e7b7f87dc45e97f9d7e,1
0xe91e20eb548433b7a75f284c761341a53de150c7,1
0xe9945b3acbdc2f9dcad8871f01aa9dabbb20d882,1
0xea11cc1b46cc1b0e9cafbbb60348a530ac0eedbc,1
0xecc2a9240268bc7a26386ecb49e1befca2706ac9,1
0xea5bbad59c45a02ac0b0f48c9b4b7ccbccd73c36,1
0xea6c3db2e7fca00ea9d7211a03e83f568fc13bf7,10
0xea6d7eb904e02986694feb215ca75b1b301c8e57,2
0xea7d1f62367014e21186a1d66a4327b18a35533a,1
0xeaa2cbf0feeea30b524a1cb47a593753865a225e,1
0xeac9154bc9e903d17e8bdee3891640f4afa0884c,1
0xeb4576fe753dab07635c0bb6c8f0a355e1db5d31,1
0xeb52fbee2a02741793573eee4870bbd046cb38c4,2
0xeb62eae6d396ff145810f9f99d2c0fb94f3f1fc7,1
0xebb014649852462f09489e3dfbe45d9759e9b819,2
0xec3878066f14315e5d1771a9ca07d887d6ea8fd9,1
0xec8cbab21d13fe452c54abc4d962cc2a0830314a,1
0xeca5e3ce0774372e71ce9b3675cb07c6677c2d52,1
0xecb66cc9e366af7351dbaa52fa0b290200ec7532,2
0xecd02810db92ff027ea1b0850d46bda963676d74,3
0xed11e5ea95a5a3440fbaadc4cc404c56d0a5bb04,10
0xed322058482d1c751fd6cacfa494495b8dee949f,1
0xed6a6de0b7300d2475eb9c7b847fd3bd0fa712cd,1
0xed7df3fa78052060e76b5e12e1f76cef2bb65d26,2
0xed7e736851bc65967a65cf1134300c27f39b7648,3
0xed8241384a0a5aa41b0756d34427cd6027baa295,1
0xedacb733f39f5b5743ea22f57cce8966ffd1df06,1
0xede040a7e37c6eaa3a6e0dbf4b60a4b729b84741,1
0xee62cd8ee11731bbddb799f9cd8700dbdb0d7fa6,1
0xee680e5c2c5251261061f12ba3a5c470d2b6ae83,2
0xeebd02ddc406754621ff674c19f048fdf95c6d2b,2
0xef032630a3aa621154b2792c1512779eae1a37db,1
0xef0dc4cc9930e9645cbf46b79f032ed078397e36,1
0xef11e47944b097c423ffcd245efb22826593b7bf,1
0xef43c1ba0894a28fae4047a67a151682c7db2776,1
0xef70ccd1d2b1bbe1f6894e2d8b8a30897124b0ac,2
0xef9c423b05883e08517f692d7be8ddf4f320d090,1
0xefa21088f3830cd7d9f526ea268f7aaba34f785f,1
0xefad0017ee6bcd0f38a8e559761493aa5c433fea,2
0xefbfe9c6a66d871175d2b0ab35bc00255aa36298,2
0xefc711b22f4fdbcbc221ac7c116e90c699d0b708,2
0xefd67615d66e3819539021d40e155e1a6107f283,3
0xefdb9ba6b79e76f9e2bf937bba861fe110143c77,1
0xefde6a97af618ad407211c3d5d494bc257948208,3
0xeff333df6f61f9c5c86cab08ce6b963f64518bfb,1
0xeff506a32b55d5c19847c1a4f8510c00280c27e5,10
0xf008548cc1a08cb1120c07088fa80fbc234bd5bc,1
0xf01b0ddebd3c22125ac691489a856d7e562ba534,3
0xf0549d13b142b37f0663e6b52ce54bd312a2edaa,1
0xf05abab203216009f6e41920845ed940c947acc1,1
0xf05e75e42272ec60ba6157d647924fd2de7a9495,1
0xf0638c57f10bbca7cfa3aec62325b7319685ec45,1
0xf06f09c65635ea3db2f6255cabefcc11d28f2ef2,1
0xf0734088f16b1f9ffc22b202756e985535b13e98,2
0xf078b35322a49cb5f666cc6c69a0f7c34187fbe2,1
0xea95cfb5dd624f43775b372db0ed2d8d0073e91c,10
0xf094dea89a47775fda83d32b558105b5de0ab2d4,1
0xf0e4d67d536e214d70122525d9201480b53f837a,1
0xf10201cc76ff471d00391ad7271e9e9c0389761f,1
0xf10918fc1725a65960db2b906b4868a0fdbb6870,1
0xf11a3703226a02825f23a02c1b3663be8fc46060,1
0xf196836b53e8f03e32f5186c7909acbb8b742615,1
0xf197d1037e1171d5881d22a44d0ea6b2f9aedbe5,1
0xf201b83ab58b2e72cdcf8ffffd05fdc43032abee,1
0xf22e8f326b79a74f23532ad0e660ac35a8f5e849,1
0xf2398a92af4619843a08e3c34e5a23918eb4cd5a,3
0xf25cad4b9457088b7f1991ef7ee7a40f83ef1879,1
0xf2643e655b01355accb09f781f90cc46c8b066df,1
0xf286e07ed6889658a3285c05c4f736963cf41456,1
0xf2a32aa3545c06064e9420c5a60878a4bd7c90d2,1
0xf2c16ae7887450ce0018cdbad26cfdbab183ffee,1
0xf2dbb4e3b7a569bf1318316ea09e61397702dd0a,1
0xf2dcb1d3b7091dcf2ce87ad115377c108ebe6dd4,2
0xf2e17fec8fed156726b105c7d8340829d88f5db1,2
0xf2efb5c78ad7fa6186a6dd7b444a774d64b528d0,1
0xf334916eaba7ddd00d2fe8f9b602b7b50b7f5e44,1
0xf33c7ddf676e7bc589d7ab052a9739fa1354aa92,2
0xf33e17023f13d0d884ceba2bd59e9ef2b237f374,2
0xf346100e892553dceb41a927fb668da7b0b7c964,2
0xf389dd1f828525b449d63d14157f2d3a25ee0a41,1
0xf3afc2383a0b45ae73d77b49df7f2184b1ad4b90,3
0xf3baeab4afa486991845d5dbe31069265da39d57,1
0xf3e2998723dc28052b915fb6aeb0dbfb8bde2113,1
0xf3fe8c6c75be4afb2f8200fc77339abe4d7cff33,1
0xf421130974c355bb370345a5c082eb15e020b618,1
0xf451c2b54b52fe68795b03b4354b0d7c83015412,1
0xf4721923947359e21256c9bd2768c6fd7b471ec1,1
0xf47974cad15c135445509ac670f531bbb9db5907,2
0xf4844a06d4f995c4c03195afcb5aa59dcbb5b4fc,3
0xf4dc26387af654ed24199dd26920ebdb9a5f4a74,1
0xf4e22849bc1162082cc7ae62f23c25acabebfcef,3
0xf4f56fa0d045ae0e6ba8f82e2c32887fe0b152ea,2
0xf507555538fd0537922e70817780908ad132d3eb,1
0xf533f2ab9460db8d665dde79773f20ecfb35f860,2
0xf55c02b021f91752521c0cb74303565f25baccb1,1
0xf55f8884203632eb007f239758d1b25cd173458b,1
0xf5745cd4d5bc2e3b7352676544ea632a9a30fecd,2
0xf582a7c87888714ca875a70b0971f55bde6eb148,1
0xf5a4d9f57161e96b1587ce604bbf682c3c536439,2
0xf5ae5f55ff090b636dd01c2744033e6a20f9879f,2
0xf5b18c7bb5d760a7c899e0c48d855dc5a49f1949,3
0xf5b4635f3858a2bc80a17bd4450e05a35ad99a72,1
0xf5fe364d18f4a5a53badce9a046ba74cfc97f6fb,3
0xf5fe5014769a240a974f4e2afbbb2cc4e087ae08,1
0xf6850e8f677d320159bb8c84f40dd136d03a2ebb,2
0xf6b6f07862a02c85628b3a9688beae07fea9c863,1
0xf6d639fcdd2467139976675fec588ba970e7e599,1
0xf70820885c6e48c18e61c72c7bb0380456f6ea4c,1
0xf7108923ad53c6ef90b6673bb3ec4af59342339f,2
0xf7166b6f8753516c4dc12c456f159efee8505742,2
0xf7232859117c8a4018605bf6d231eea04e9937e6,1
0xf7232e584fc544d6a5f9a8f050111e2fb5bacfad,1
0xf73be78952fb76fd30e0531ac328c8145e5ccfa5,1
0xf7476db5b717ac661c027e684456115ab1e728c3,3
0xf750d548a27292ab2cc5f03fc16d0f84fb806342,2
0xf75e32eea34ec4c326f340f26e9c7f0cde69cb02,1
0xf760e6b91f0d4430533acf0232f904ef3074ac2c,1
0xf7a08c2c341bde5e17103d4780d1b465011a2a31,2
0xf7aa189442b2d5cc4846a363892f15ff8b15f41c,1
0xf7b8070c7a030345e1474bd5420f59a4fd864fb4,1
0xf7dc32a61d52c77d326043d55c129872490be2ae,2
0xf7e8caefa7a22999aa7a2dfe7be570dbb341afb1,3
0xf84f301891fe36baf4b056290b528814dcd83b51,2
0xf85d965e9fd4607b000110253214f49231f0031a,1
0xf865066e9bac9c4b721abd24e0ee7a69e640914d,1
0xf8911c3cfff41861943aaefa95fc882477b49fb7,2
0xf8bff17a1c9dfc632f6c905d12c404afe451b16c,1
0xf8c03084e6a0e021dd1ea0445c2a4e25339c7a4b,1
0xf8c36fdc6667b6bb7308cb6ab593a4b5830d1f6b,1
0xf8cbde834e9fed2c4baf4926a174868234ebdd9b,1
0xf8ce240b29246faff3af7fde780a4ac6d537f59a,2
0xf918c679fae9e6dafa3d29a62e28f36f1661d279,1
0xf9906f1529c6b6e916affd51f1cdb0934f3dc73b,1
0xf99774a96186c52cb6d917b57f926a32c61fa0f0,2
0xf9a15449216d9d01510fdb17768dcd1845e10f36,1
0xfa12612a0c2ef2e88861794422d379f1c92f70b4,1
0xfa2df13a636b8f2faaa179785797f1f16fddf8ed,2
0xfa3575d1ab58c6a7549d09df0e6029344a72bbcc,1
0xfa45d06f58a59f2775796ea6098e780ae87640f1,3
0xcf0fa79c915f12592c352ffe35000fda5c96a158,10
0xfa6e906dd9084d50be4b0e6ac13ef5b7186362e2,1
0xfaa0967947243a96f949e9d021dd8c603098721b,1
0xfac59ea47b69885c896d6d2c1ed28881c2f0ddf2,1
0xfad61b6dc1897f67bc7867b8fb0caede00a8cd5f,1
0xfae318107669eb4b2994eb2cc0fc59f517addc08,1
0xfaf6f09df88e79fa2a92b18c676314b1e47a4468,3
0xfb107ef723793fd617519735daf4ddb49f8561c3,1
0xfb1626c0311392c62723d06fd3c9160404da0f33,1
0xfb2a9c3afb1f0d71c8fcd548da12c22ca36409b4,2
0xfb408fa20c6f6da099a7492107bc3531911896e3,1
0xfb767bcde95f4a30231c31e9ac53ccae62fe2b98,2
0xfbbaaefac31c56dc43a4368d82629b5753c289d8,1
0xfbf8ad66f10f21ec92bcea55551e360eb6884065,1
0xfc06b4c7b226c0be3766656fe4165592d9e7749f,2
0xfc0aa76d96a80937288968ade92b6cfcb9ab7f17,2
0xfc190398745810b57ac10c55d1bc0519fbc8b011,1
0xfc3551f3b51f27ca60efb25f45ed95d4e80e7071,1
0xfc55274d4b5e885180403584bc9a3b68022b8a25,1
0xfc61965861b679c5aa728d41fa6ea0b29544f554,10
0xfcdd21e1fe6d09f6b6b2125ffd55b2a486767255,1
0xfce92bdb5d1bba58a844cff9dff8a5e680670ade,1
0xfd6e1374f774b165d694e4e0a21352ca7b20551e,2
0xfdab3be33284ef68442f55535ffc0b1fcbad2b62,1
0xfdc79905818aa8e0ff637c2627c98b1e8b5a54b5,3
0xfdd2606d669cb490d38d43981fc50d4b69816211,1
0xfdf01e09b9bd3f3be062a3085fa2c945a263f5a7,2
0xfe1d177037df1abbdde4c0e4afcde9447f8511d0,1
0xfe22a36fbfb8f797e5b39c061d522adc8577c1f6,1
0xfe253ac7e42900d1ae4195a1147f2db5ceabb0bb,1
0xfe3fd57379b65ba4b0fe1e481e07e969153acae1,3
0xfe4c4a27bed5e9113480c84a177068f7421a1eb7,1
0xfe90b5c3191b79f9f75ae9b002f48cb8f3f732e8,1
0xfebbfbe7091febbba2b46828af200c7ece374c45,1
0xff0281256b2a478905b79895c1a2038a679e1751,1
0xff0de408d201b913837ff5be08815b7655b5d6da,1
0xff0ea70b787c393b486ab1cbe7b6f1df315a2907,2
0xff550d3d86154190f45cf0f4abe13da9b93faf2d,1
0xffc48a9fe34f2eacaf1267dc5308f7c2ff3405bb,1
0xffd92144cafd599a5a93e4805ca4d8f0e666d623,3
0xfffc5dbf3651e01275ec26ab055d100414212afc,1
horatius.eth,5
aavechan.eth,10
afdudley.eth,5
auryn.eth,5
butterbum.eth,5
calblockchain.eth,10
ceresstation.eth,5
collectivegovernance.eth,5
corbin.eth,5
delegate.gkvcapital.eth,10
dhannte.eth,5
dybsy.eth,5
exa256.eth,5
flipsidecrypto.eth,10
fourpoops.eth,5
francom.eth,5
franklindao.eth,10
gauntletgov.eth,10
griff.eth,5
hailvitalik.eth,5
jackanorak.eth,5
jacob.willemsma.eth,5
jensenhaji.eth,5
jessewldn.eth,5
joxes.defilatam.eth,5
katiegarcia.eth,5
lbsblockchain.eth,10
lefteris.eth,5
lito.eth,5
luukdao.eth,5
0xC2d3492368d696b3D13dEda3Ec2241E4F31882a3,5
mihal.eth,5
minimalgravitas.eth,5
mjs.eth,5
mrsisyphos.eth,5
nexusmutant.eth,5
olimpio.eth,5
parhamgharavaisi.eth,5
people-dao.eth,5
polynya.eth,5
realshelbyt.eth,5
robopunkceo.eth,5
salatti.eth,5
shot.eth,10
snxambassador.eth,10
stablenodegov.eth,10
sugma.eth,5
superdelegate.eth,5
tarungupta.eth,5
theethernaut.eth,5
tongnk.eth,5
veballer.eth,5
vebalrepresentative.eth,5
whinfrey.eth,5
xenophonlabs.eth,5
yoav.eth,5
zen-dragon.eth,5
0xd714dd60e22bbb1cbafd0e40de5cfa7bbdd3f3c8,10
0x809fa673fe2ab515faa168259cb14e2bedebf68e,10
0x2b888954421b424c5d3d9ce9bb67c9bd47537d12,10
0x839395e20bbb182fa440d08f850e6c7a8f6f0780,10
0x399e0ae23663f27181ebb4e66ec504b3aab25541,10
0x54becc7560a7be76d72ed76a1f5fee6c5a2a7ab6,10
0x190473b3071946df65306989972706a4c006a561,10
0xb7847e247871f468f221e2113640a5b9e98e19f2,10
0x1d5460f896521ad685ea4c3f2c679ec0b6806359,10
0xf07a2439296e07bc4320af924e655a01fb69d89c,10
0x8d3808b4e8ec725dc283391196ac5109c60b945e,10
0xcb1a413d8d08b6e8197a3f02d38605d6efd486c7,10
0xae6ed364a362adbec7ac4a298bc9537c588694c1,10
0x47b78acc6d29428f128eb04b467d316e548e4b89,10
0x935d2fd458fdf41b6f7b62471f593797866a3ce6,10
0xb453a1b16de1a0c930ce630331a52be9ae5586a3,10
0xfa53d837b5ddd616007f91487f041d27edb683a0,10
0x648aa14e4424e0825a5ce739c8c68610e143fb79,10
0x85f0ad9533aea4fdc870a8b93b0f7e71c018efcd,10
0x82e5a7441870fb67da9b9be3b135da1303bb464e,10
0x019ed608dd806b80193942f2a960e7ac8abb2ee3,10
0x84ad922d23a7613e0d25f36cb65cd5f92a155110,10
0xdd1e0799211d06217d4ddf34586f994cc9b4e6f0,10
0xcc81578d163a04ea8d2eae6904d0c8e61a84e1bb,10
