0x00432772Ed25d4Eb3C6EB26Dc461239b35cf8760,1000000000000000000
0x01AB07010c2F4bf5971537669Cc19d5D8Cf320A0,1000000000000000000
0x01F92621aDDBD8B688FE6539F6a69a0F892502eC,1000000000000000000
0x01c242FCbC1Ee9789527e9845771EedAecf440e5,1000000000000000000
0x023320e0C9Ac45644c3305cE574360E901c7f582,1000000000000000000
0x02D2477624320CFfD4961C6f12EC318be96AF6Ae,1000000000000000000
0x03273Ed029d15F1034c13E555d49F534b045808b,1000000000000000000
0x03853B09108931C5C8Ff9b1a7DE689e7E76e7711,1000000000000000000
0x03894d4ac41Dd6C4c2f524eD4417C90fA46972c6,1000000000000000000
0x0398aD679807d94021E73efd527ac4a61f9eA1d0,1000000000000000000
0x03b0E525adf31Ca9FA908BE5c986E2b53Cd3e1D4,1000000000000000000
0x0426B2F8E43DeB95AD7A840F8c2a517Ee33c6FB1,1000000000000000000
0x04A8C06Ac6D06f25c657Fe61106a485d2583BE71,1000000000000000000
0x04E90bCbb9714F84aDc1b627C0DD4169C983F604,1000000000000000000
0x04e4F47e79B9B1A66f736b6797fE13F25e581C11,1000000000000000000
0x05144B6eBa04F846513c4e29812722f9397ee30a,1000000000000000000
0x0516cf37B67235E07aF38ad8E388d0E68089b0F2,1000000000000000000
0x05426FE88815453A5158C7C32F0a889Fb4c98580,1000000000000000000
0x054BA12713290eF5B9236E55944713c0Edeb4Cf4,1000000000000000000
0x0585c0d0aEdF071a07992ad650bdc047Cef0c04F,1000000000000000000
0x05f7F81Ef8b158be44b96A3a3Bd5351BdF28946c,1000000000000000000
0x0678e836C26AbcFcd2b7e49559aA1a8B0f3ad36A,1000000000000000000
0x068EE4603D5EC5CF0110FC28Fe8a6942b19ba273,1000000000000000000
0x06FA22D76a0205F4972580E63090a97f1c788F67,1000000000000000000
0x06c4865ab16c9C760622f19a313a2E637E2e66a2,1000000000000000000
0x06f1758640be24e670B46d6006cF6A30bB5860DB,1000000000000000000
0x070341aA5Ed571f0FB2c4a5641409B1A46b4961b,1000000000000000000
0x07726d7e4ed80c8C64a8dd27e64F876Bd4225744,1000000000000000000
0x078Ad5270b0240D8529f600f35A271Fc6E2b2bD8,1000000000000000000
0x07E9d06db58A77407DB95D93Fbe1275a46F97463,1000000000000000000
0x080a75c96bF646Cd9f78aaF8C9869a510E9c68bb,1000000000000000000
0x085ED975A8b6B860DE3C2b871da60a3f9F48A5B8,1000000000000000000
0x09D1E14bc93217B9F2d083509E94dEe161ffd9AC,1000000000000000000
0x09DA2d53C9d7e569e428b7F4A5c82C7CD855a7D4,1000000000000000000
0x0CBAF9E960fa465Eb91d1E57C854af9D3d7490BA,1000000000000000000
0x0D3B8744600dA2e200d2a46f676fd5a29B7BD1BC,1000000000000000000
0x0DE92626498717585F06E5bF5B85A7A88872F5B3,1000000000000000000
0x0E9dC0f9f075C51B32324D74055D961E3A97228f,1000000000000000000
0x0a028619ac71de5AABace9862CDe22837e667849,1000000000000000000
0x0a2fBdC55d162b06C01179E5F55F0644Aa9F01F3,1000000000000000000
0x0b1937f6Ee406ca9E44dd99035dA38840c242A9d,1000000000000000000
0x0b9c8e96Aa0567F9e6113A8524C077E5c614371b,1000000000000000000
0x0e569D21238a29D82AcbeE5E51C717Bac80a2DD8,1000000000000000000
0x0f03D543f782C99dA39552a12e37A443fbD80E70,1000000000000000000
0x0fF9B6AB6Ec58ceB6D5ae8a1690dd5a0959aD002,1000000000000000000
0x10061123876CEeA12642342AfE829444b7E0d48a,1000000000000000000
0x1125917201ed36700F86c3CecEC8C5DAfAe280D1,1000000000000000000
0x1187f876a75086BF5b4D65cb8961845cBC1a889E,1000000000000000000
0x119383B0051e920D6161cEe971247D625B8D69Cb,1000000000000000000
0x12734f36E365ed769B16b4157e26B9Ee7180E8CA,1000000000000000000
0x127831833355bA81d81105DCF824c3e2B7654C55,1000000000000000000
0x12cb4ca94136b6e8Fb11636c55F47d0885f3Dc64,1000000000000000000
0x134046017c21c6AfA2d1f0061e97C8fEBe668385,1000000000000000000
0x13dDA63C28bB95FE9822FEA43ad5fEaA966636a9,1000000000000000000
0x14F83fF95D4Ec5E8812DDf42DA1232b0ba1015e6,1000000000000000000
0x14b3efF0d4CA46931733CEF5793B45C9bcB1E9d7,1000000000000000000
0x14fD9303bf2386b47C6aD72631Fed472a43214c6,1000000000000000000
0x155291782c0c5725B6A980d202A438D9c5234150,1000000000000000000
0x157D330DCf9A57Bc45C0f6d9fED575b6ea60333C,1000000000000000000
0x159525200C2860a4946097C8B251A7aD4EBDe744,1000000000000000000
0x15Fab1cC5262D69853b1196f74d38C7FC96Fc6D7,1000000000000000000
0x15d693444ABd97710437de8B9Bc271137994cf5e,1000000000000000000
0x160db73b0b30f6eE1434c415C2ab84bCE098B554,1000000000000000000
0x166D720802F189a03F43F3B1132369B0FD9E1c93,1000000000000000000
0x1684C382352FA8992E2d12264b08CBFd8E06b7b1,1000000000000000000
0x16Ce1B15ed1278921d7Cae34Bf60a81227CFC295,1000000000000000000
0x171814DB6DcAA27d2f88B1d31E306ABda53E7526,1000000000000000000
0x173a5409bE101148E29E2C98e7cf1E78c918b1E0,1000000000000000000
0x177821CbE97b3eB0a20de1FD534bC7160cBCd76e,1000000000000000000
0x17EbEe050C312567aD0038c0a703779401cb0fE0,1000000000000000000
0x17dfD18987B6B131686fea478600b75D11193335,1000000000000000000
0x1824BEFc17aedBC57991C9D7c7Fee1bf18CCCe63,1000000000000000000
0x18Fc6B1bc70bedD57a20e0b50b22C64ceF5Ca757,1000000000000000000
0x1A1e852f970a231d32271C88162e222A09C1650A,1000000000000000000
0x1B78284595eD8468608DA05aA02933b84C6A4183,1000000000000000000
0x1B9DA462D07512Fa37021973d853B59dEbB761Dd,1000000000000000000
0x1BF555E99b9056e75F5752EBF6593C4929BF5d50,1000000000000000000
0x1C05dEcb151A459E8B045a93f472D1B238204094,1000000000000000000
0x1D309Aa3b2e470911508b9eC6bF12a029ae7729C,1000000000000000000
0x1E2CEEc8e2fB758ECA1898538b3B4648441bcaFE,1000000000000000000
0x1E5aF7b64cECd78F0141450e942F19b1935C495e,1000000000000000000
0x1EE602B32500cca56653550D3c7D9eB3d36c4f6e,1000000000000000000
0x1aaB5ad27515409cF96f8EE10C41e2fD8F0365Dd,1000000000000000000
0x1b004189e64d5b2F71d5Be554470E6c49e10123B,1000000000000000000
0x1b35fcb58F5E1e2a42fF8E66ddf5646966aBf08C,1000000000000000000
0x1b5b4fCEDF1252cd92496a2fd5C593b39aC49b01,1000000000000000000
0x1b91Ee2cb5213C0aE0d712db6bE229d4b2B4E0B0,1000000000000000000
0x1c85d6Ae1336D0e4E3F165bbfA9641bfA04CeDb1,1000000000000000000
0x1cc5F236CE26c5D106095d0C9a696ec01C5d4D52,1000000000000000000
0x1ccb144B700EC726d37Db38c617E154De6d9c0d0,1000000000000000000
0x1d1d0887fd262f6F6C180C3234a2c356F39Eb3b3,1000000000000000000
0x1dF2535cf0956AbEC21C4738534885d3849d6578,1000000000000000000
0x1e1300EEAf333c572E4FC0133614291fa9d0df8B,1000000000000000000
0x1f742229F53d19C61929A052629f3b2aF5e1a9Ce,1000000000000000000
0x1fc9e8607d564605877A2b74Aa4D8a89892cd37f,1000000000000000000
0x20EADfcaf91BD98674FF8fc341D148E1731576A4,1000000000000000000
0x21Fa2cf8E56B9938402A7e08703BFBe4Be0943fb,1000000000000000000
0x21b98f5698FD33d9cB58f6aB8d5ec58E803FCba2,1000000000000000000
0x2238287464bFD7a2DC2B29Fe4116365E39aA69c5,1000000000000000000
0x22510fe99F63aE03BA792c21A29Ec10Fd87cae08,1000000000000000000
0x227FD2fD881Cc6c99DFCcc0FB40f2B1dc2f3F36E,1000000000000000000
0x22aB945B234Ab07784044D291D7fAF7a15219DB2,1000000000000000000
0x23dA7Bb497f78C65eaFae5Ec0Dc7dc5CdD7C0Df4,1000000000000000000
0x23fB34F91Ce9Dc6D8B0051BAaba39C16a1352222,1000000000000000000
0x245b0A88060D9e992e7950922c86FEA91dD40FdE,1000000000000000000
0x24749AedF18208aB74A8110E07E820286Bb5acf8,1000000000000000000
0x256dAcb0844FBf6Bb01B6eF2eDbd52cAd272F192,1000000000000000000
0x2571BaaEfFe8194DF58728D68419D0B7e61626aC,1000000000000000000
0x25B70c8050B7e327Ce62CfD80A0C60cCcf057Fa6,5000000000000000000
0x25aD2667B19e866109c1a93102b816730a6Aec3f,1000000000000000000
0x261668ADF1143315cde3b28Ad432e19E8744A861,1000000000000000000
0x268C824BE6856348A0c8A57F3F14573E16057FDD,1000000000000000000
0x26c75762dFa660AcEbadcce7f90eF20Be3224D3b,1000000000000000000
0x2744a205b3a599508295e53d0290b949104d57F4,1000000000000000000
0x27B0FC6C4A5a0Cf213a570097279a5bde61214d2,1000000000000000000
0x2805DdF1DFEDeCa06752907F493F5A5c9bb2C902,1000000000000000000
0x282C820c876A53a2de86775Fa858DED3C4756E06,1000000000000000000
0x2948a6e3e032BF530c4896efcA9089f2FBdEeCda,1000000000000000000
0x2951B1F7058bd2C05F01954002C450BaC0873847,1000000000000000000
0x299eff44279648F21eBb1BdAbd7e4167b5149c20,1000000000000000000
0x29c7B44E0584624C1e877d3eE0856520e2851Ba6,1000000000000000000
0x29ee39be789aDA5cBb2051f4bDd70Dd735Aed7d0,1000000000000000000
0x2A92195A610f21f8DA1801Ff9756Aaa11319Ef68,1000000000000000000
0x2BFe66759f0331066F3E7D57b3DC9a96bfC17927,1000000000000000000
0x2Bd2F0256F5Ea89cEa6dE3e534438550D8D19aF0,1000000000000000000
0x2C11Ae904565fa3f47ac785860F5Ec8c0368258c,1000000000000000000
0x2C97bB6058e7a7f61768464AAE86470D9BA57421,1000000000000000000
0x2CaC83DC9D8659aD8435AE2dbd778750C5cbc8C3,1000000000000000000
0x2Cf514Ed2266c7EB9bC71736aa822a8825b4DB5D,1000000000000000000
0x2D054602f39Ee2285Fdde7300753E9484D42aDBD,1000000000000000000
0x2D5823E8e8B4dfbf599a97566ff2A121Cc141d60,1000000000000000000
0x2E6962386DE46e8768d45E748122A2a6b5CC96ef,1000000000000000000
0x2Ea5E9E452F85f55Be47504153f25740A5f3D78A,1000000000000000000
0x2FC3Fd7c06aDfc48736122ea33820038CC16DcDb,1000000000000000000
0x2a06913D5b8748b222E1236768C24ca19198B374,1000000000000000000
0x2ad55394E12016c510D3C35d91Da7d90A758b7FD,1000000000000000000
0x2b5a0bE5940B63dE1eDdCCCa7bd977357e2488eD,1000000000000000000
0x2e1C62353efb3743729E1aF6c234b32cC4EfAF85,1000000000000000000
0x30D41a62B6e36E72B4FED35236c3168F4369b2f5,1000000000000000000
0x30De4047b8dE74F011E3D8337079E19fAfD508a1,1000000000000000000
0x30ddDDe80843855eA3d7570C11A5c993365E5b20,1000000000000000000
0x3158EdE7ad7680Df78541Af3ca60b4D09DFcf41B,1000000000000000000
0x31d8AB113eE817a38105DD3271D72Ee43224F299,1000000000000000000
0x32791bbC7DDc9d0e6Bd914F3B7F73747132a3A5B,1000000000000000000
0x328adB38154Da8F93cE0fFc47c26055e1975299b,1000000000000000000
0x32E100b633A70B4f315945f7c18373297F9f8a9F,1000000000000000000
0x33231C4171E4D6A864C05b6dB61467ec2424EFA5,1000000000000000000
0x33482803274C5e08661843636DceE8E9A68c7252,1000000000000000000
0x335D2d954CEc61Cb4673780300d890340A29Dd99,1000000000000000000
0x344b1E4Ac175f16D3bA40A688cA928E3768E275a,1000000000000000000
0x347Bb83E4ab465C8C6b7afaB3BEB373410A9Cae2,1000000000000000000
0x34f73A47a027bC3c1DB642Df9CA54625D9b6b77f,1000000000000000000
0x3566aB5289cF2054cd1cD6fd064d7771A09d163b,1000000000000000000
0x35E6fc00e3F190A8dFe15faa219368a01028ec14,1000000000000000000
0x35fCd9DAb61251d9d8a1a1C5FFb10e84c199EfBe,1000000000000000000
0x3637d7F6041D73917017e5d3E2259473215ecf6f,1000000000000000000
0x3656F5EC47Ed48e83D81215125194E4c8dd62E10,1000000000000000000
0x3769BF7a9C177bd6ae210bBbcDb9484135c5aa11,1000000000000000000
0x37Ea22D0f551AA66d54605592b672F385b713Dc4,1000000000000000000
0x37eD2B55890cD2320d835B573C0B10147ee455F7,1000000000000000000
0x383ce3Df8dFfE49930a48A4A7c60e898Cc5b215A,1000000000000000000
0x38AEE5584c02fd0dAB4F92D6F015Ec3B3849A884,1000000000000000000
0x38DE62FFE1f693a92Fd129758925c482CC9FFBcb,1000000000000000000
0x38c75D7044E7ca89A251A89716C8Db648fb965De,1000000000000000000
0x3949FF6825D6C1816893639c39BA4A13E566c09a,1000000000000000000
0x394B67c6BC05abB14C73a57706dcd5CB85231c4E,1000000000000000000
0x3961e180dF2789AD2ddFaAa9aF630F3CE635886e,1000000000000000000
0x3985f46E0c518f5De26938c073280e6b37307054,1000000000000000000
0x39EeCfb398D83695afe4955f43d98e1742284A02,1000000000000000000
0x3Ac892A09165516D98Ec9C02B95Ff840aB4bAdae,1000000000000000000
0x3CdE8FA1c73AfE0828f672D197e082463C2aC8e2,1000000000000000000
0x3DA952Ccef2b63bf708f7f78A0ED333FaA5cDaF7,1000000000000000000
0x3DbaDc86d19416eC16D81aa07fF2609E6241E7E9,1000000000000000000
0x3EeeE5E9150d8F3022D0588288B8621121ac0207,1000000000000000000
0x3F5D2058971DFd0103E3bF5E423620B5A42Db357,1000000000000000000
0x3aA8Ac0E6C1Fb9CBb733565De16cdC5a676bCb04,1000000000000000000
0x3b74175fB78aF5Aa92e9Eb2c7e837F6d50882522,1000000000000000000
0x3be9909766f2D5c3bf3e587fF4E53790ba4E40aF,1000000000000000000
0x3c28C42B24B7909c8292920929f083F60C4997A6,1000000000000000000
0x3c6E78A279ca78088a939d80968feFfcd517190A,1000000000000000000
0x3eC25DBBF90468979c25b45D9F76aBAAA59dFCa2,1000000000000000000
0x3f60cbDcDACf841477F948cba2Ac245aC6c0bA72,1000000000000000000
0x3f7E19951dFE627D839B17c2B515324Fc5103AF4,1000000000000000000
0x3f7bed3d5745c2550f64aa97A4529406e555bCE6,1000000000000000000
0x4095f2b8DC6A18Ce295699B0aB6Ca16980881e48,1000000000000000000
0x40Cb0B19D71Eda986C275c85A6e5b26b6AC7E2E4,1000000000000000000
0x40DE3299Bd8a10D8Ac3f32C1A55DE40640cF9B75,1000000000000000000
0x40F404FE6C091b951576ECC7bCcE5ECd56c985f7,1000000000000000000
0x410a0887cC91cCf1e8Db56422b9a5D8B078c2200,1000000000000000000
0x412Dd50d904e6F9A3343114f2edA6Da2591f04df,1000000000000000000
0x4131826eaFDCb7dcd855Fae9098EC693165F157d,1000000000000000000
0x41fb250fD5BE7cC6E818Bf7B54843735E8C64ABb,1000000000000000000
0x42364Fdc555b2Ce496002735AFd4215D2ad44F96,1000000000000000000
0x4254c53Fc3b3b38DF025Ea30BcAE410e11bb95b6,1000000000000000000
0x4281316c4a3409486e0CF90F2b25281EB641564A,1000000000000000000
0x42A01ba13F8F7Fc3999fec82cccd1f7459800487,1000000000000000000
0x42A198C215540cf4D01Aa5765eC2cC58112f702E,1000000000000000000
0x42c69B6D9498891c4A8659cC425Db3b52f125af5,1000000000000000000
0x432DcBdA06e8B296CA29705572D7cb6315Ed8Bed,1000000000000000000
0x437B5B7124B219f69A7BD8Ad37C0A384Dcc2741f,1000000000000000000
0x43dd14091D6769DB1a14873506132bBd7f04D384,1000000000000000000
0x44087c57add67bF4672Dd6702869DCf4B97AD850,1000000000000000000
0x45BEE058F59c3fC2311BFF15C854F37170780ff5,1000000000000000000
0x46331769A8a01947E07C310704893076a3409d36,1000000000000000000
0x472F916934161Be833E924DA2F31b8100F321eD1,1000000000000000000
0x475b6ff6603F17177B7E419d1aD2791fb82a3a56,1000000000000000000
0x48A9789428F2067338D02B1EF3612DF64F05FeB7,1000000000000000000
0x48b576c87e788a762D6f95A456f2A39113b46950,1000000000000000000
0x48ed5Df89cc73CCfA540883bc03105aaDe6f5Da6,1000000000000000000
0x48f88A8D8e4a9dFF33C0A4D857a81A189C2d6e07,1000000000000000000
0x492bf2Ae22a0796BA5078D4dB40ea14E41C73C54,1000000000000000000
0x49A7de07D0051961ABf7e3d30aabcc4D42716586,1000000000000000000
0x49D2db5F6C17a5A2894f52125048aAA988850009,1000000000000000000
0x4A7be1C3890c9b12a413a6C3747a753dEB69d4d8,1000000000000000000
0x4Ae7ca12a93Abc33A040dbA03F2aE8faC43BA242,1000000000000000000
0x4AeF8B6CA98cA20087E6b0827a50868172A32AFd,1000000000000000000
0x4C078cB14B2D321231a90089195317968957896d,1000000000000000000
0x4C37700d949db46Aa11A9F1627070F9Af31F8011,1000000000000000000
0x4CF57d42B8aB8D7Bfa9Be1cdC35Ed84429cD2168,1000000000000000000
0x4D29cc30F2e8F8F498b4303f810Ca1Ee26257B66,1000000000000000000
0x4DAa44Cf5EBbAd57C45C79aBE805d30Ddb74f644,1000000000000000000
0x4Ffc5F22770ab6046c8D66DABAe3A9CD1E7A03e7,1000000000000000000
0x4a067B189ef8eEFe4B40d73b0b22b60c26b427b7,1000000000000000000
0x4cC0F6a73F5AC0F78C752019d537dB88B5dEc9a4,1000000000000000000
0x4d477F1aabcFc2FC3FC9b802E861C013E0123AD9,1000000000000000000
0x4e45ab1f60480fe6199D20208067dE206C4e9959,1000000000000000000
0x4e70Bd663B20bB64DB6172F5c871bd41C1Cc7298,1000000000000000000
0x4fb63D01Dc521FceeabAc44E57bC675077656DEB,1000000000000000000
0x506adE0A94949dB63047346D3796A01C09384198,1000000000000000000
0x512fce9B07Ce64590849115EE6B32fd40eC0f5F3,10000000000000000000
0x513b4Fb84dF4f8E05C05cDCbbB8D04c482ec0b4B,1000000000000000000
0x515fAD9044494cd323B211C2F1eec80C1098f4F2,1000000000000000000
0x51Bd0A31e554cD32D0F4b3d42A2c75D3100AEd8B,1000000000000000000
0x51D63958A63A31eB4028917F049Ce477c8DD07Bb,1000000000000000000
0x5244736b3A8F898149aE33f013126A20cE7abc62,1000000000000000000
0x529408a6962Bae6Ca5328874d633738116B89B05,1000000000000000000
0x52ea58f4FC3CEd48fa18E909226c1f8A0EF887DC,1000000000000000000
0x5389a5546f3Df2358E069908605dCE8727bCF64c,1000000000000000000
0x53C40473DcdFd927C4201cCFE24E314a7D7C3584,1000000000000000000
0x53D8EDF6a54239eB785eC72213919Fb6b6B73598,1000000000000000000
0x53b015573630d248a32b11b21E5443EFb92D9CFB,1000000000000000000
0x541FFD67537185Cb4ABC2b028795C2Bf4AC6C45f,1000000000000000000
0x542DEF0BD5C808dDf56eBD35e84a4b1650518A14,1000000000000000000
0x5565b6a225C425f7796a7FbCFECA57f6d7d13C17,1000000000000000000
0x5574D6F75a59945A3D2e056D048816E11Ce12BF8,1000000000000000000
0x557C531b51E8f38e1E6AD5291AAe1775aA3C97A7,1000000000000000000
0x561f551f0C65A14Df1966E5d38C19D03b03263F5,1000000000000000000
0x564c9E10e962c7794a82a35fbcB92901Aa14c56B,1000000000000000000
0x571fA2dB5Ed28e696ae4F389E0566E165d7608C7,1000000000000000000
0x573eD9cC066f3CB9ABF16073d9fC4A1Efb4f3561,1000000000000000000
0x57d707fab0D9C2dD4f255f1814cb156Bd3e099C4,1000000000000000000
0x58C0808D8B83279bB5D518f9f0aaBc458774Eb67,1000000000000000000
0x58DF388089025ed53e9A957FE2084654B8E24004,1000000000000000000
0x58c442b9C0906d6D13173a24c2981b543188b346,1000000000000000000
0x59EC0EDb51AB373C94E1f93FA3CDAAa94AAE582b,1000000000000000000
0x5A72BfaF8dD5b251bd008fDC0b4656319Ac0509b,1000000000000000000
0x5CFc2C648BA36144644758f8D39553c0ce355Fc6,1000000000000000000
0x5E1610784f0b8c1CD1DF8170eC28a59e94cB5c0d,1000000000000000000
0x5E464B4766FB32Ac5f4bF74249D2681d6E00FBAd,1000000000000000000
0x5E8c16c96ffA9217a251F6cd22Ac942770b91E08,1000000000000000000
0x5ECc25D1f658Af69D9b59FcaEdB2D9Ee38254036,1000000000000000000
0x5F4ef5C539a56291665FcCa4e6b7a6446AD11Cc1,1000000000000000000
0x5Fb30D0E53Af487bD8E28C326F802E64e676D035,1000000000000000000
0x5a7365ADb157B5E2bD19712F45131DAE4527c9d6,1000000000000000000
0x5acAd6E75bf6Ddd63aD5D88DbC9852bA401d8d02,1000000000000000000
0x5b47Ce248ea313841668A318AFB9a5597d5eFC23,1000000000000000000
0x5ff817a31C03828c9F8995fc8B70B2eaB5e59Acc,1000000000000000000
0x608109470AfC9857561F9E33a3EfBE2547902302,1000000000000000000
0x608739531c63001f391997a55c652503857c0f0F,1000000000000000000
0x60C63BBb27f1F49F63Eacadc773C79Bf0C17aC7A,1000000000000000000
0x60dd456273Cbb018C2222621d4c2Dc5016E870d3,1000000000000000000
0x611A6Ed28cb59DEE17DF7B579Bf3796B10e326a6,1000000000000000000
0x613D7a8F4fbbefB1bC60107E650589A737ee914B,1000000000000000000
0x61C4d254051CDBf86dC71D13070a1b6e9ABC2489,1000000000000000000
0x61E9128af97ce396f82f76c93e0D79298c4B2b43,1000000000000000000
0x621752f25aBd2E13136275F0059e4d9ae4DC08B7,1000000000000000000
0x62DaA6DA1F8ED6bb6CBE489e6D9E7d677f061844,1000000000000000000
0x62eFcd67ee9AE5cB4d6E595Db9Ee3861E50a45Bc,1000000000000000000
0x631ab8EB40588543dF900263F864b6376d56A587,1000000000000000000
0x63a370ABfC8Ed6132025f6dC8244DDF6205C174B,1000000000000000000
0x64B5F9Dd6f23269B966A4c3717e150A6Dd264851,1000000000000000000
0x64f8e38e19c1B6992969Dcd5769c149951018Af1,1000000000000000000
0x6549D0Ab277E6F906939C469EFc9dcD7a096C3B6,1000000000000000000
0x6564A994Fe469fc4047FdAf40c422F9D7a2E2070,1000000000000000000
0x65877BE34c0c3C3A317d97028FD91bd261410026,1000000000000000000
0x670f2a946F731C6A1Aede41f27f2Fd4a378AbB5D,1000000000000000000
0x67149c6a2aa490636948b084d88DDE8A958CA269,1000000000000000000
0x68e73302843919EA45123f11F7FC7174B7c7aCaA,1000000000000000000
0x69389398e4D903b02010e20d308ee58EA8D6D714,1000000000000000000
0x696D181A7961EE66C42f1EBeDDc0B48B106C45ad,1000000000000000000
0x69B5B2b2cd11db8C7eA7f9f042F39423497B8EFA,1000000000000000000
0x6C6C0db237b92C56FD2b2208710D938D0A5f6498,1000000000000000000
0x6E0F19c2d538c2123B73B710c0Bef48bD05bB040,1000000000000000000
0x6EC03eE16bcD001A73B18331b954542368F79e45,1000000000000000000
0x6F0c3105444e9Ad288ed64674C12420593A1Efb2,1000000000000000000
0x6F881e25E46FbCC072E68A6d2b6Df0d785A7E050,1000000000000000000
0x6Fa6a7f3C4B6F3a1B3f6078bFf1359F415b251b1,1000000000000000000
0x6ba6c53c8757C99aDc983e84ce7e87F240bf7531,1000000000000000000
0x6f9BB7e454f5B3eb2310343f0E99269dC2BB8A1d,1000000000000000000
0x7005c3F79dC4ffcB50BBC5A9Ec5fA599f795b527,1000000000000000000
0x706D961Ab69d54a0FCbaa13E77842279A5724139,1000000000000000000
0x707D306714FF28560f32bF9DAE973BD33cd851c5,1000000000000000000
0x70B7454d7bA86666E9d29B551f2603a6acc8DaaC,1000000000000000000
0x70Ddb5AbF21202602b57F4860eE1262a594a0086,1000000000000000000
0x71213a9C9504E406d3242436A4bf69c6bfE74461,1000000000000000000
0x71b1009033ff60B23068dBC52c6295f9753D2382,1000000000000000000
0x71e2FB38c2B9040D0014A629662B3C2b35F10D9A,1000000000000000000
0x728b6672BCEEe270e92637Bae8bACb54A9B32888,1000000000000000000
0x72b2Cb558bF17F9e5AA40754A4e26EC480C07554,1000000000000000000
0x72d2E68A41d234c38d71f5D47395d8F170B2ee36,1000000000000000000
0x73165a7BF621F466C63F6A0c8F08e969772c2a6D,1000000000000000000
0x733246BCEE1d39f3Cae699a1f1cFfC97D67D2e57,1000000000000000000
0x7334Da6b036E0793730DbAC73E78D0E109844Be5,1000000000000000000
0x73D31902B450587a4Fd07b62C77b75230b859291,1000000000000000000
0x74075D1A2481F25343B32Bb1A7bf6336Ee42B016,1000000000000000000
0x74264aA892C5C4B596b91F961B1387f94ef3d5a1,1000000000000000000
0x74B4B8C7cb9A594a6440965f982deF10BB9570b9,1000000000000000000
0x74b02eb9aCFA1E85AC555e0Dc09CD68d61a3433D,1000000000000000000
0x75133Cc748f1f9b280118A65610c0d5811B19d55,1000000000000000000
0x7558899d8109D8a2CE457837ADE56C3d6eBFE90d,1000000000000000000
0x757CEC361dE3B2C9D229D2C8Ca4C0892A84E2C7f,1000000000000000000
0x75c1e14cD2D114686bd5B765Fcfe376176E41F1F,1000000000000000000
0x76AC6Ad4e4E7c2e0b4Ceeb30745bd53df3a85774,1000000000000000000
0x76E4f864bbEb60Bee66Ff5BbcD32dEcAF7FBDE71,1000000000000000000
0x76c1e8e91Dd6e9fa0328E545eab6ea774f53c157,1000000000000000000
0x770BEbe5946907CeE4DFE004F1648ac435A9d5bb,1000000000000000000
0x77D4D7ed546b19077720EDA2Be8C847A1C358125,1000000000000000000
0x7811DF09C3415E99BEB22122123932E2Fe1Ef0b0,1000000000000000000
0x787c8bE38E968Bd0b41eaAbe0b69d1c32ea09262,1000000000000000000
0x78C9eE28f69F57F429168a433772432428882F25,1000000000000000000
0x78Ccf421584df401B9c7075205a66D7bB019d892,1000000000000000000
0x791ffb02a34Dd626bbFD9aa20E0907F14A4faD08,1000000000000000000
0x7977B909D55a53F9c73140f7F611EaF0638238Ed,1000000000000000000
0x79ccEDbEFbfE6c95570d85e65f8B0aC0D6bd017B,1000000000000000000
0x7A34F54b8D7c056e2Cce6395B4b2483D0b2CcC1f,1000000000000000000
0x7A3BdeE62dd34faC317Ae61cd8B3bA7c27ada145,1000000000000000000
0x7B0B35b416631f05f321fE74990817dcA81caBDE,1000000000000000000
0x7DA0e97CB78832463914392B5d414C1bEFA1fB01,1000000000000000000
0x7F7aD73518C490885723B425a998921Bb3Cd309A,1000000000000000000
0x7F7bAc92AA3e28351F9E89535CA334e8A44542d0,1000000000000000000
0x7F85Cf44E446a4B1AaCe2A28774E88cd6d4e3441,1000000000000000000
0x7d3efCE658D3AB90B881a6f7c1119f06b7DD83c3,1000000000000000000
0x7d4053510C0E2cE0f127cf890FdB84F1A36cDC6D,1000000000000000000
0x7d55507f7D96b373706C0131FFFbc4Ffdcb3B6f6,1000000000000000000
0x7d64dc0f222a54cda3fB9bE846385c56915d23De,1000000000000000000
0x7daEd5FA8Ed462dCc4eE30993e50705f72DbE20C,1000000000000000000
0x7dd508a1e4Da1243789B799a480f8B45e58b1B5b,1000000000000000000
0x7e651F5f597436cD0fa941F5FF2cD45Ef3F2Fda8,1000000000000000000
0x7fB38b567D4C89523327A0353F54B26f5E4A92F4,1000000000000000000
0x7fb5a293Dc9E30971612839dE129fEaF870987D0,1000000000000000000
0x8039B0CEFba11BF79C55A264E9Aa9c2DdbC2199f,1000000000000000000
0x8061199A31983A077E691C08B2263a4CF5c24093,1000000000000000000
0x809b8362113deCd9F045A1b75f777644F1F9dC7d,1000000000000000000
0x810d3AABbBf8CbCFf5C256f2B0621c4941f8B139,1000000000000000000
0x824d4CB20C7a60c88F83aB748012dB401DeD4835,1000000000000000000
0x832D1c68b1e616c9961e97e46bf5d9d621b831FC,1000000000000000000
0x83C2ECdCE3b99AF24aC48e6bb86E8439CaDb0354,1000000000000000000
0x83C9440dc34DA00c47A0d4dC2b598d7BDB1b53F7,1000000000000000000
0x83D2E472495f408BD0Bc85702F4bE5EF1acAee80,1000000000000000000
0x83f4ed64D635119eDcb539f5De1bc192DE3d934A,1000000000000000000
0x84Ecf15af6fEC307aFeAB934b46947967Bc02d5f,1000000000000000000
0x8516E49D8aEF1E926E066A3E634c0254Ef5dF448,1000000000000000000
0x854F1269b659A727a2268AB86FF77CFB30BfB358,1000000000000000000
0x856DC4a12f08AFA49f42B52F81769A96505f312C,1000000000000000000
0x86089108e81b10eb5ABe569B1dd38A73030c2387,1000000000000000000
0x86Bc0B034659801B92F10D85f8EefA40F5a97ee7,1000000000000000000
0x8755f08374bB0bc598681C324913CBde3283AC18,1000000000000000000
0x87b6c907B267d16b397d267A31FE0289DFfA3626,1000000000000000000
0x88441DCD4Bc985965e69ecf5A454B04DC84eD876,1000000000000000000
0x8864486C1be43143B2Fb2992777bA0B85129f3e4,1000000000000000000
0x889cb44823b35Fc53dfC3a8b58a825Beb6A737B5,1000000000000000000
0x88F659b4B6D5614B991c6404b34f821e10390eC0,1000000000000000000
0x896002E29FE4CDa28A3ae139b0bf7bAc26B33a8C,1000000000000000000
0x89808C49F858b86E80B892506CF11606Fb25fCDC,1000000000000000000
0x8B755129dAb7fB59F665bCa5827220442f2cEf0E,1000000000000000000
0x8C01527C46f0adD00d4B52110b74e4A883590cA7,1000000000000000000
0x8Cbf7A00DE4327f173C2a83Ff8A6ff63dDaDbcF2,1000000000000000000
0x8D4Fcf8170A20ccC91fAB546Ee57Bd01c930E608,1000000000000000000
0x8DC4310F20d59BA458b76A62141697717f93FA41,1000000000000000000
0x8E14D07e176F842Ab755e632AFeC3245dA6c04b8,1000000000000000000
0x8F2A0c6BDd5c1f61552558D2C0D2Afe6d3dC5272,1000000000000000000
0x8adFc6e6E6DA6Ed9aF7F094B3f3115ED72048395,1000000000000000000
0x8e2F7D5aAAE5ABbD5052aCb74019b9b11cb74349,1000000000000000000
0x8eE3Fc743653BC3854a71FB06505bA4c988A3148,1000000000000000000
0x8eEF779818Afa953b0652e45438423ebE089F55A,1000000000000000000
0x8f0D4Cd6F0Dc60E315188Ccc1C42F266E8dE86Ae,1000000000000000000
0x908E8E8084d660f8f9054AA8Ad1B31380d04B08F,1000000000000000000
0x90b0dEc1f1bbA847015904C115B8A99BF22925c5,1000000000000000000
0x910c60C049d833A7fD2f5bDa310bbEa1c5fA3598,1000000000000000000
0x91E0EC7395390Cb550bC8e60BE18a78bfd7356e7,1000000000000000000
0x91F7C7dC5a44276482c102178fe1d620B397c276,1000000000000000000
0x91e6b7939dBF48FF0Eeb87384dfab05D35a1Fc9f,1000000000000000000
0x926Ba48F7F1BE7FE739f561e5051e9e28c0c3803,1000000000000000000
0x93442Eb8f90330704CfB2Ba5DA88D6bDDDAE6Aa9,1000000000000000000
0x938a49E24fD7A26149Dd537019078D8a8F919290,1000000000000000000
0x939BaC3bAd78752763be4Dd1Da19e8e70995A408,1000000000000000000
0x93FC1F35f53a9553534979233caF273214C51Fd7,1000000000000000000
0x940214134c5e8d81DBD5E9015908c697dAB5e0DD,1000000000000000000
0x94824d798C4d2fd2e093EE4e0084d2f1F75F7554,1000000000000000000
0x949aD06a4c904cd0B31AE2F56AaE0eC68C16CCAc,1000000000000000000
0x94A468FCB53A043Bf5Cd95EF21892E02C71134Be,1000000000000000000
0x952c23f8F067A5e7e165ff0E42491f51D87DBc95,1000000000000000000
0x95D8Bc3ebcEc8A8F2D3BdAFe141EA118fBD7Ca3f,1000000000000000000
0x95F50Cf888dFeC90321dC376c1E695F15B081595,1000000000000000000
0x95c2320fe56C248F15be7be3437d499ee31ffd57,1000000000000000000
0x9628bE77Fb3dcd890fD93A5d039092FcA855D3cC,1000000000000000000
0x96409069b740744a084F3D7cd95ec36c72B6E6Fc,1000000000000000000
0x965658b4Bd00dD1967Cc4F8220462b6007F15860,1000000000000000000
0x966E96091dF6ce838aa4943e5367D0A5Beb10781,1000000000000000000
0x96b96C944F4F9eB6F9E949D622Ed7d03D4447bC3,1000000000000000000
0x972a8B7D891B88220780421fE4D11f174354cEEd,1000000000000000000
0x97432c12ea8C957C3aE2d59c9953CF8dF9CBc5b0,1000000000000000000
0x9753Dc0C13b3685833756a3Cb0006D5ef3e78458,1000000000000000000
0x975CC4Ef1Ae67e1eDecadB7072a93faeD5552Fa1,1000000000000000000
0x9796b9443A3FFbc60eAB64F33E368CC19ebA4F33,1000000000000000000
0x97b102e00d88F02DEBfD6b1e4B901Dd6931bB982,1000000000000000000
0x9824697F7c12CAbAda9b57842060931c48dEA969,1000000000000000000
0x98263D0884B58aC1550555307A1a5fe4B8A72562,1000000000000000000
0x9884FcaF31e79C1d6EcE4E86cE61B4F2e6d81617,1000000000000000000
0x989289216A7948B3eF3180B7543d816944e0c713,1000000000000000000
0x98a769898170076C334ba5D1E156028AeFd9DEF8,1000000000000000000
0x98c366dbE6d98A2D6A3ED471608921b03f3abCCa,1000000000000000000
0x99A269F0ee634cfba22f96Ab4B1fd4fB1871AbD1,1000000000000000000
0x99D305dfc38CEfA91cB1129387681eDe4c93e87D,1000000000000000000
0x9A2A0B906B6Aa0ff5882b0fEB9240a6749051979,1000000000000000000
0x9A44394ffd96a78d0B5c5b2f5DCFF6052C70176d,1000000000000000000
0x9A88005428e7a98904Eab33749AfD56F6db16E27,1000000000000000000
0x9ACeEd10A62333B671108d11C9c199238D3e3760,1000000000000000000
0x9Ba6baA919BAc9Acd901dF3Bfde848FE006D3caE,1000000000000000000
0x9C72C98535224c3C045a3d27ff981ED5a1d64d6e,1000000000000000000
0x9D75b8717aa34258DeA1afD74306Cb41e30F7B3F,1000000000000000000
0x9E22520747a6690ed29694AfA98EA29a5436565A,1000000000000000000
0x9E38d938E909E15C155E35fC2DBb9008a1d019AF,1000000000000000000
0x9E4977972cb8A95fDF2Cf9Bda269EBDB2DcaEa35,1000000000000000000
0x9E4D15E0ECB571E7e66831334519C76130f29636,1000000000000000000
0x9E73201903164d3B476505f3C54F86cdCD4010DF,1000000000000000000
0x9EC108C0E024913DAdaC8DE65287F4209a05AC84,1000000000000000000
0x9FA7d42Ef9eb89ef6FAbDdE88207FbE6AfA70626,1000000000000000000
0x9a84A1e6aa600A4AEF8569A5320465A9b13e5601,1000000000000000000
0x9aE6B470D238a4ab42cAc5fEB27CAA5A19F89510,1000000000000000000
0x9bdfE468ED0d21ce9290e4b84575208e36ac0609,1000000000000000000
0x9c57027B1eca93093a6F446422C59C85A5A3Fa52,1000000000000000000
0x9dAB4dfaBc5Eca084fFDd386a7B676f2B61BD871,1000000000000000000
0x9f74662aD05840Ba35d111930501c617920dD68e,5000000000000000000
0x9fD9Bb687696f19038892989876Bd6dC96Abd769,1000000000000000000
0x9fbE83dAd5e8762163782E1A95074CE6c47Dd3E7,1000000000000000000
0xA0556E8e8b617f184c6948DF2c08AC795036DAA5,1000000000000000000
0xA0896145ADE9481aF8bDEE471dDE87d9a70da3E6,1000000000000000000
0xA1118D2663D83857e858F12a9cE29D8FAa2ef62F,1000000000000000000
0xA1CAD48e9844d850f066376e1f1e04147b16619e,1000000000000000000
0xA260d670a41C225FCff54Bbb88e500C95CaFA6d4,1000000000000000000
0xA297A06221aB3c846354e7Fb1B37EB5DA06bDA21,1000000000000000000
0xA38f82506C3AB79816D625AD286574133Fc6F4e9,1000000000000000000
0xA3F066285ad422407acbF6765FC1a71505bc610d,1000000000000000000
0xA73fbE260A4D61Ac44Cc22C3dc350D248483939e,1000000000000000000
0xA84B79415E24966d86c416dfCdcD6BBCFE5E1e0f,1000000000000000000
0xA8c4e3ce1743D0f2A6c227548C982a7C40569940,1000000000000000000
0xA8fD7F7cCC5228787074A949ed55170975cBf7c6,1000000000000000000
0xA97D4048b71975a475766E8278dcD2DA1E8674fa,1000000000000000000
0xA9ed98B5Fb8428d68664f3C5027c62A10d45826b,1000000000000000000
0xAAFCEFDBdB81B6002126194802e44C355A4E0E93,1000000000000000000
0xAB3F34994048c2714CF403fDBE38eF8BEE79b4BD,1000000000000000000
0xABBb9Eb2512904123f9d372f26e2390a190d8550,1000000000000000000
0xAEAf8371BF9Df3eDB08BDD7D05099D49965fDf59,1000000000000000000
0xAb6f255DaC71103EA6d57B320EAf0EEc901B05aA,1000000000000000000
0xAbEaA41fd6a7464b1203b24486526b0461a5ceA4,1000000000000000000
0xAc395a12Cd0b1Bf56e4c832bffB60E723953Cd5B,1000000000000000000
0xAd0804C43B3542ddd5CbD2A1Df61fc4f9B4739FD,1000000000000000000
0xAf43D3c6a1362CA33Fbba27D16959deb454f72Ae,1000000000000000000
0xAf72E36d1d16aE80b6811a99909cb92396d18777,1000000000000000000
0xAfAAeFad7C0EA3C81CB7062BBd9123988BadF498,1000000000000000000
0xB1f881f47baB744E7283851bC090bAA626df931d,1000000000000000000
0xB46296bfa66C72829d823042E9A25f2E5dd6eEC0,1000000000000000000
0xB47116c96385aE3796d8BC25629B662d6Df58746,1000000000000000000
0xB5B44C678659035cb6ff87E9F1393b54A4d0A335,1000000000000000000
0xB5Ff60f970EFF7311A94de05e38a183F8Fe1e781,1000000000000000000
0xB7919Ad276b1e77e29b8aE75837517A1522f8D0A,1000000000000000000
0xB8A9C37240E8B72F42a88f1099E6c61DC3e96756,1000000000000000000
0xB91E8c6D109802965af67950ec13d7BAE8495408,1000000000000000000
0xB9b93bF2DB3678b010E71Ef701d763Aee144E93E,1000000000000000000
0xBA3D4228b2Fc5b6751eEEcE88eae2Ebbb8008f42,1000000000000000000
0xBC04652B7657E9a7C2778f04B425683955DE88C1,1000000000000000000
0xBC1939b8b22D47Aff7119917c2E8eA241d1C367d,1000000000000000000
0xBDe8d3ef66eA8a6c38024615E0117c4d7B3D5cD9,1000000000000000000
0xBE09e43A57F2980998cEdD08517eae7d5aE683Bb,1000000000000000000
0xBcE35d5A3e89995730B3C979a01319D06E41776f,1000000000000000000
0xBd5f7F276D94aFCAc1505F93a98C0eC39a6e6A23,1000000000000000000
0xBf62319147a6fB8DCB9bd907B890195Be6929222,1000000000000000000
0xC0b6389713bf59Be9E77be9a4e4311fEd48c8d38,1000000000000000000
0xC134f280C35dFD5ccD47Ea1584e987aB64389fC6,1000000000000000000
0xC208934E867DFCdC10E5AB58b631D2C3185Edbc9,1000000000000000000
0xC34D931CC6290DaE177a6Fc645DB444a132A442f,1000000000000000000
0xC3d8A431312ffBB0fc106C1e0282b14712FcBB40,1000000000000000000
0xC5aFc3a0F462C5a387393421b6A253204a3Be8D2,1000000000000000000
0xC69aDcA4485C0C494f34e9Aa6b0A31f343f76411,1000000000000000000
0xC71deD6f0E5660DFe79C849058Afd9BE7a3c85b8,1000000000000000000
0xC720aAd5b91dc6661d3EA32dDEA7E11003A0C12f,1000000000000000000
0xC7c10871096B36b036E41d45d15b32B0Cc74b806,1000000000000000000
0xC85b1Fd3Ac4e1c1964Ce772606b67B4A40934601,1000000000000000000
0xC8A3cdc0E3a5Cef3E668B89d15c3D3771246891d,1000000000000000000
0xC9E456Bc688D0025c3466f323F66f85eAddB144E,1000000000000000000
0xCD790d0813bef3aDD5ddC1Ae5589D3A9B526CaDf,1000000000000000000
0xCE436E5B28918Df04ED04D14B06081797e31Ed77,1000000000000000000
0xCF603a4B0D42337DD9fde4998c092aDc9C6C7fDb,1000000000000000000
0xCdAa63E7762d078c07f344Eb05B1D6C792fFF2E5,1000000000000000000
0xCe184937647ba4fBcB3355651708b52eA1104bef,1000000000000000000
0xCfE730837BD4917330B18b89CE7035f612D97a49,1000000000000000000
0xD03Ad690ed8065EDfdC1E08197a3ebC71535A7ff,1000000000000000000
0xD0ac50d9F7516be16e2449539394A3967BEa03C7,1000000000000000000
0xD0fc847317ea6bCbbc8a0A29f4274Fa5de552cd2,1000000000000000000
0xD14f076044414C255D2E82cceB1CB00fb1bBA64c,1000000000000000000
0xD16B486dFdF1fACE86C54EbFfbD6d39743B27ABb,1000000000000000000
0xD1BC2dbb8EbC0707Ed89499116040a3Efc3f97f2,1000000000000000000
0xD3e14D46Ee219FF85174C076ddFBB7F99Dd0f9B0,1000000000000000000
0xD45D6fF3269831c17a6e13DB84A0bef80F1B873a,1000000000000000000
0xD496281296473C09feF9E3cB847BC81e18c0b116,1000000000000000000
0xD5d561B883A4a1201414c3e7da83B5D09A4755aD,1000000000000000000
0xD7E5D4b44c74b71c724e89d330B7FB03c1aAD6B3,1000000000000000000
0xD8263b8b277c7DF352f1851923125a07a6982540,1000000000000000000
0xD85DF04c47d6072e84A2F5758D7FDCA662Da5CCe,1000000000000000000
0xD9ca4316e02e81689acAfE30A2EDDFb5FCa2C271,1000000000000000000
0xDB95d92ab6C7CBe8E95ED07d52Ff3147Ea015AaC,1000000000000000000
0xDBaE4A204A9eE579E402c7Cf9F72005eCBf8f8e4,1000000000000000000
0xDE88d146F61463D582262a1Dcdf6eA1323AbA34a,1000000000000000000
0xDa90d355b1bd4d01F6124fEE7669090d4cbD5778,1000000000000000000
0xDc9C5e34959eC3643AF1e1D34A83D6b251AAb1eF,1000000000000000000
0xE3E39161d35E9A81edEc667a5387bfAE85752854,1000000000000000000
0xE4b32828B558F17BcaF5efD52f0C067dba38833c,1000000000000000000
0xE5350E927B904FdB4d2AF55C566E269BB3df1941,1000000000000000000
0xE58585B22cC2aC4270a2b92c2D2d8C5dB5A3330E,1000000000000000000
0xE6156d93fbA1F2387fCe5f50f1BB45eF51ed5f2b,1000000000000000000
0xE65c2be6254731e93368CC071A2420b0C961451B,1000000000000000000
0xE7a2E3c4E89e454606409C40D6c63DC5e2AdDCbd,1000000000000000000
0xE953Bf0aCBBd733E2313432967D8155034e20098,1000000000000000000
0xECD02810Db92Ff027ea1b0850d46BdA963676D74,1000000000000000000
0xECEDa45AD3c57681c7e49B47072A014dF54Ee659,1000000000000000000
0xECa5e3CE0774372e71cE9b3675CB07c6677C2d52,1000000000000000000
0xEE05f233245C33150fd061F732BD213AEE0eC3c7,1000000000000000000
0xEE8BA007FA7fe3D127213a206Be8d5A5341ca5B8,1000000000000000000
0xEb4Db23c27253077Fb3080adda6C5C127b0dACAe,1000000000000000000
0xF01Cc7154e255D20489E091a5aEA10Bc136696a8,1000000000000000000
0xF196836B53E8f03E32f5186C7909aCbb8B742615,1000000000000000000
0xF288a11D791537D84b75e91681A56FE1325b0138,1000000000000000000
0xF2f3d01b47c21a2339f3A508531DA76A9380dCd7,1000000000000000000
0xF334916eaBa7DDd00d2fe8f9B602b7B50b7f5e44,1000000000000000000
0xF3BaeaB4AFA486991845d5dbe31069265da39D57,1000000000000000000
0xF507555538FD0537922e70817780908AD132d3eb,1000000000000000000
0xF55c02b021f91752521C0cB74303565f25BAcCb1,1000000000000000000
0xF65d76B1F053b5190de514997bC27ac17B246738,1000000000000000000
0xF78F2bba5EA14419Ff7Cb5e68d192CD214ec049e,1000000000000000000
0xFBE6915fB22DFe6b42a7c50b43B45bF692681e5D,1000000000000000000
0xFDAb3be33284Ef68442F55535ffC0b1FCbad2B62,1000000000000000000
0xFDD88a45cE43e403BA0C0d6774a13b01b6f75d40,1000000000000000000
0xFEC5b1910B20D826F500fF5199c08c3947565B04,1000000000000000000
0xFa8dC5Fc2f212c754A440C93F7f23984cBb854d0,1000000000000000000
0xFb1626C0311392c62723D06Fd3c9160404DA0f33,1000000000000000000
0xFba4e8E43F00A256014dC3E5aD0112dF9F003226,1000000000000000000
0xFde26D6535427ACe0775aa0Ce1022bccE17A3350,1000000000000000000
0xFe4C4A27BeD5E9113480C84A177068F7421A1Eb7,1000000000000000000
0xa013289862035c4b1d7933C9F74a412D8B60dbCD,1000000000000000000
0xa02b9c87C59Dc0516200D4Ac7662Ab76A50b601a,1000000000000000000
0xa468F2DA42F25572cAA1647E5c0dfA9f4d340E96,1000000000000000000
0xa4B2C652b4052729Ab35f6A6FFC0C22Bad7bDba8,1000000000000000000
0xa8293Dd8eb52564a35b8357a539146321b934153,1000000000000000000
0xa8cDD5F4C355ad6E4eC58811136c2E1EBFDe952e,1000000000000000000
0xa8ff20f8825C758C8404B9EDbee354e7C4231Cd8,1000000000000000000
0xa9065e74608392BDbaD98B134dd604394c014C7C,1000000000000000000
0xaB7b49bacd43BD4CfA41433D477F690Bb9E1fB26,1000000000000000000
0xaB888291F4127352B655fd476F64AC2ebfb8fe76,1000000000000000000
0xaBfd1fffFD163A449B3119D1B9BbeFBcaE04Ba27,1000000000000000000
0xaD928e545cf5598802B3c601E04B0CFE6bf6351C,1000000000000000000
0xab06E86D240A5F515eA6d16c3530C6596f8Bb774,1000000000000000000
0xab3101C12D8104b4Bfb282C6B94e93422D6003a2,1000000000000000000
0xad67360a3cDccF027426F812d3d0580da123eef0,1000000000000000000
0xae87eb6C951b47e7b399487d0da144Ce2d0DE26B,1000000000000000000
0xaeB192B9b651dAc0Aa7F6364922e2c4C4bCaAdb6,1000000000000000000
0xb2BE6D8E872C7b08085d9DCE6AFcBd0286C75B0A,1000000000000000000
0xb3313b023e68CdA95d7B625200e1B0fE6335A0c2,1000000000000000000
0xb3B7344Dd665195392dE5a89b165c9dC2ADD62B6,1000000000000000000
0xb44831A793d4Be04C06ad22e3FeD000B7406b382,1000000000000000000
0xb5564B1A37d52fee291081964973Eac0e9F08DEe,1000000000000000000
0xb7853dA07CE744CA85fA1c0f96d96bB3C512b515,1000000000000000000
0xb800B2ECE3E20D64fc1899c4A5e6191FCdCaDcbB,1000000000000000000
0xb809Ca404338812792C371A4a78d71739FBCbcC2,1000000000000000000
0xb83771d232665306D81a5f4CAca7CcF0A3CA193e,1000000000000000000
0xb957DccaA1CCFB1eB78B495B499801D591d8a403,1000000000000000000
0xbC1500dAafF721f626Ef1a4F1a8C4e333648c5A4,1000000000000000000
0xbCD8Fc34307CC53755b6082c41B6BA643FbC6f99,1000000000000000000
0xbCb0dE6967749179c6Ba04540A2dF1a0E2f842e2,1000000000000000000
0xbDa0136ea391e24a938793972726f8763150c7C3,1000000000000000000
0xba8765802198e5c19F2BA8fe9b0dA2B225927AAf,1000000000000000000
0xbb0244016A4Dcb20c499B50E740083cfbb6C2f78,1000000000000000000
0xbb7BB43aF885549f1bbF5724213ee48b40eBeE83,1000000000000000000
0xbc1d3B5EcCC3E3D145BE9A7b5E054e68E8906e2d,1000000000000000000
0xbc8d90aA5041D6b7273084275C977d4178555d37,1000000000000000000
0xbd5bc121f9fB413d77Fdf39f6A2Aa45a9D8Bd6b2,1000000000000000000
0xbd95c7cE1c6FCA2cE0B7C1B86F79DeE0Be5Db7C8,1000000000000000000
0xc03A8a6e8bfdbd4CCbaE74D7EC005Cf66A699087,1000000000000000000
0xc16B76C25b60E5970acE61c719CA263133CCC1b3,1000000000000000000
0xc18ADbE415623BcdE7f77140C6Ac2DFB54d833d8,1000000000000000000
0xc21611A12525D3aB940c339b8aE4C4BE5865B6a2,1000000000000000000
0xc290Cfb8D020c0615e9C63036f4319Cc41717E68,1000000000000000000
0xc2AcE1E2fEE2d1e4b33261913D89CAF657E99734,1000000000000000000
0xc2adF44448Ca48c8cc4F8a8235A24c1fF0412a58,1000000000000000000
0xc3A8c66DFB53d8C1A480d9D52303f4b56e6B5182,1000000000000000000
0xc58D054217281e665412C45271319Bf951f4FB2c,1000000000000000000
0xc5Df8672232f1C2b75310e4f2B80863721705a12,1000000000000000000
0xc5E7184d2807b21726d67dd05B6c3011F9C5dCa5,1000000000000000000
0xc63dbb830ED822edC98EBC4532a75881d24103F4,1000000000000000000
0xc7B774ADEb29bE44d8bd556e294DcE36D4AA0f92,1000000000000000000
0xc83c3B46D8E622b9C7b540872c6AF8636DdC1D17,1000000000000000000
0xc85fcc44005A1D24142c6B347a0256b5E9306C10,1000000000000000000
0xc97370F22eD5ac4c7B24A8E1ca9D81FEbb3b9457,1000000000000000000
0xcA7a6a53d5576102765a0281c723f863D881DC96,1000000000000000000
0xcB15649D7B7a1eb01fb1ACD14809de6cF82Aa1A0,1000000000000000000
0xcD75942b66C1a82d7e04f65A34cE7f93791fA8A8,1000000000000000000
0xcEeC1F6209610f6868EfBb54FfB6fa5d4E90113b,1000000000000000000
0xcaD557AD03774150459d5FB528c48aBc8D5D8180,1000000000000000000
0xcaba98e3FFEc97FBF8d57061780548eb3B9e9152,1000000000000000000
0xcc4DCe2E22353dDF8786b7430b1D9aa6C3274ac2,1000000000000000000
0xccB5D53c4721c008a65Cc02F5dF10A9cE67C6044,1000000000000000000
0xcd5C1BB777C937d993bC5E16E48B1669bEcc77aa,1000000000000000000
0xce68b1394ED29ECAA6974536244d1D2Aad4a2745,1000000000000000000
0xcf8E24538E6e8c6D7cA711F84539aEac0892e28b,1000000000000000000
0xd2033db9c5370aC76ABD80823b5c5adC097E2FBF,1000000000000000000
0xd2B2f14e25cCf9e7D62611586c2fEE55bd96436A,1000000000000000000
0xd2F7Bb62504FBe33e3038bf2fefAEaB42bad88B3,1000000000000000000
0xd314cB3388D80236AC7111be118F86D8558dE8B5,1000000000000000000
0xd31A84c20bc430aD75E6a1903E7dDbee52211072,1000000000000000000
0xd33eFC59A54ce45Ef1160958C356E8343c55A341,1000000000000000000
0xd42627f3AAA1b80160414B329bfE7D6Aad770991,1000000000000000000
0xd44Bd863D78F4bDd0FB45c5dFA117efDCcb040AC,1000000000000000000
0xd48169125e659543e297ac337eCBE9f6dcb1af4A,1000000000000000000
0xd59515Ed5d580246e82e90eD2673d78039eF8fC6,1000000000000000000
0xd5FAE9a76DE0bF1063eEE5D4AE05Be77cB08E68A,1000000000000000000
0xd62b6f9130831AD0742783695bAd534C6C64d013,1000000000000000000
0xd67076f241C6014E0c59e9Be3fF2d2359e617f28,1000000000000000000
0xd7E1df3C6d6F974F2AED3d13Cec917217C9A7187,1000000000000000000
0xd7b26011E6eB5857a6251da1f77E9f3d8AaC4489,1000000000000000000
0xd83B065e0528922257C5C3B18D08D0F81e42bbcf,1000000000000000000
0xd9293636EE3Aa663fc563ADB0912B0705dAfb62c,1000000000000000000
0xdAc7a91516112703448B5d1fbC8B679fcE838E8A,1000000000000000000
0xdCAd95C9894d80fB30817F59e7619Fd9128f64d1,1000000000000000000
0xdD15553673126d386f9E735d0cc56a96E59Cc095,1000000000000000000
0xdE0AEf70a7ae324045B7722C903aaaec2ac175F5,1000000000000000000
0xdED77410241c3bCC3997C1F92ad622b9eacB2c6d,1000000000000000000
0xda90f94194F093dB4f27e10a4d0289cEE9602459,1000000000000000000
0xdd1922241992FD37DDa92DFF99964E4FC7c9AC42,1000000000000000000
0xdd45CA901067d65860b54d4310e37371CD92Fb09,1000000000000000000
0xdf631777df4DebcBcd647e85bdcB868b43663BA0,1000000000000000000
0xe0577F84d0f02363614791f6386FDA68Ae74543F,1000000000000000000
0xe09697E1E476DcE90b1199B0C5Aa73bD33589A60,1000000000000000000
0xe099d39b893f81CaCab91436549D22EF8171d4E0,1000000000000000000
0xe0fda19799b5100192f2bA402CB9150aDfc42501,1000000000000000000
0xe30601Ed4FE7129577bea0C781A5F7a4C4a9aEb6,1000000000000000000
0xe40987f8cA51D3f72947400a7459e66Db2715Bc1,1000000000000000000
0xe415Ff6834EF063516d7F6A548Db982a5120Ea9d,1000000000000000000
0xe9945b3AcbDc2f9dcad8871F01aa9dabBb20d882,1000000000000000000
0xeA5bbAD59C45A02AC0B0F48C9b4b7CcBCCd73c36,1000000000000000000
0xeD7e736851Bc65967A65cf1134300C27F39b7648,1000000000000000000
0xeaF7a913882D45d07E8a6Be42Cdf88E776527d12,1000000000000000000
0xed374EcE52Ab111bdbAEE9F1013429F474C883bA,1000000000000000000
0xed92400C084E2eDB4472Dcfe6A2aAD91aD361552,1000000000000000000
0xf05e75e42272Ec60ba6157d647924FD2de7a9495,1000000000000000000
0xf0CF2338eA5a498bC6C30976Fc39660d23509468,1000000000000000000
0xf0f9EDA9F0CC8056f55797997CB77E1C1c15c1e7,1000000000000000000
0xf11A3703226a02825F23A02c1b3663be8fc46060,1000000000000000000
0xf144B619327f071A3CaB0fe44E915e14a7fC8482,1000000000000000000
0xf3FE8c6c75bE4afB2F8200Fc77339abE4D7CFF33,1000000000000000000
0xf582A7c87888714Ca875A70b0971f55bde6eB148,1000000000000000000
0xf5Fe364D18F4a5A53BADCe9a046ba74cfC97f6Fb,1000000000000000000
0xf5fE5014769a240a974f4e2afBBB2cc4E087ae08,1000000000000000000
0xf63d78c6b9375fdAb283D7A47b8863709eBFd5f6,1000000000000000000
0xf66313c8cE5fF2b4712001952674530960f9632A,1000000000000000000
0xf6Bed2bb9aB681b0B736f347351FAca63231e84D,1000000000000000000
0xf6d639FCdD2467139976675feC588BA970e7e599,1000000000000000000
0xf6e41cc3EFdcAC73983F55b8023bF2CD7D19F534,1000000000000000000
0xf818e21d802eD0c5CCD7147D7B63a7466af84925,1000000000000000000
0xf86FBF3Ee5801749EAD424e374cA1F8F74535A35,1000000000000000000
0xfC0591893B0BDb4322D25BDd43904Aa9aB137140,1000000000000000000
0xfDC58C08656E866121C81a410070BBA40F20FF94,1000000000000000000
0xfFFA889f71003F256F0E14B48e54FA2dAd1F2ff0,1000000000000000000
0xfc442DD2A1D1F61867406bbff682e33cb0da1ecc,1000000000000000000
0xff0281256B2A478905B79895c1A2038A679E1751,5000000000000000000
0xAa01DeC5307CF17F20881A3286dcaA062578cea7,1000000000000000000
0x23b4980EeB72cfD8d07F734B169F963e5B2D8dE4,5000000000000000000
0x06e8dedf9e1adB1EbA32f36ea9223770ba378B77,5000000000000000000
0x82e5a7441870FB67DA9B9be3B135DA1303bB464E,10000000000000000000
0x2B384212EDc04Ae8bB41738D05BA20E33277bf33,5000000000000000000
0xd714Dd60e22BbB1cbAFD0e40dE5Cfa7bBDD3F3C8,10000000000000000000
0xB49f8b8613bE240213C1827e2E576044fFEC7948,5000000000000000000
0xa50Ec178Bd0B184A890AB6d2e7a757a01Db3a702,5000000000000000000
0x0331969e189D63fBc31D771Bb04Ab44227D748D8,5000000000000000000
0x2C511D932C5a6fE4071262D49bfc018cfBaAa1F5,5000000000000000000
0xD770d242c5734a3B8028CF46D2A2e980EcE07BeA,5000000000000000000
0xE89f973A19Cd76C3e5e236062668e43042176638,5000000000000000000
0x869eC00FA1DC112917c781942Cc01c68521c415e,5000000000000000000
0x13838884271ec954CB036D0B29D404afab5EAe2A,5000000000000000000
0xE3c9eCe23316B6B06142Fa0CA915f02C323C6b21,5000000000000000000
0x523d007855B3543797E0d3D462CB44B601274819,5000000000000000000
0x8F73bE66CA8c79382f72139be03746343Bf5Faa0,5000000000000000000
0x94Db037207F6fB697DBd33524aaDffD108819DC8,5000000000000000000
0xd23199F1222C418ffC74c385171330B21B16e452,5000000000000000000
0x9A048A7BF38306c055C05606A6010C78CFc7C1E8,5000000000000000000
0x92e1Ca8b69A44bB17aFA92838dA68Fc41f12250a,5000000000000000000
0x0f4Be9f208C552A6b04d9A1222F385785f95beAA,5000000000000000000
0xDE3ba1B41e6c612a3Ca3213B84bdaf598dfFdb9b,5000000000000000000
0xA2b15ce187165bC1723Df411d9887d738FabE5f7,5000000000000000000
0x316090e23CC44e70245BA9846404413ACA2Df16F,5000000000000000000
0xDCF7bE2ff93E1a7671724598b1526F3A33B1eC25,5000000000000000000
0xAFaFF1a605C373B43727136c995D21A7fCD08989,10000000000000000000
0x4f41877773e44F2275dA1942FEe898556821bf66,5000000000000000000
0x8f07bc36ff569312FDC41F3867D80bBd2FE94b76,5000000000000000000
0xD1fc89E0c3828F50b650E1309e30CB4fcF2bdBe3,5000000000000000000
0x9b7DF3A2DF61E72dF5C4d565A0E017D7C5c6E532,5000000000000000000
0xe7925D190aea9279400cD9a005E33CEB9389Cc2b,5000000000000000000
0xCdB792c14391F7115Ba77A7Cd27f724fC9eA2091,5000000000000000000
0x75536CF4f01c2bFa528F5c74DdC1232Db3aF3Ee5,5000000000000000000
0x8C5f9c67028fAaE0Db258D44507BdfBD7A9de223,10000000000000000000
0x5e349eca2dc61aBCd9dD99Ce94d04136151a09Ee,10000000000000000000
0x79C4213a328E3B4F1D87b4953C14759399dB25E2,5000000000000000000
0x31cd90C2788f3e390d2Bb72871f5aD3F1a4B22a1,5000000000000000000
0xC2d3492368d696b3D13dEda3Ec2241E4F31882a3,5000000000000000000
0xaa19f47e6aCb02dF88efA9f023F2A38412069902,10000000000000000000
0x6cea573473348367A5f66e0f261BFA25799E6a60,5000000000000000000
0x7899d9b1181cbB427b0b1BE0684C096C260F7474,5000000000000000000
0x8d07D225a769b7Af3A923481E1FdF49180e6A265,10000000000000000000
0xF4B0556B9B6F53E00A1FDD2b0478Ce841991D8fA,5000000000000000000
0x9301F3bB7A71Ab4d46b17BD1F8254142fa8F26AD,5000000000000000000
0x1de2A056508E0D0dd88A88f1f5cdf9cfa510795c,5000000000000000000
0x9C159121CEEBF937E9bad98fd0c895d7f6038bd4,5000000000000000000
0x099F8498348792AbE502eC12f6163254dbBe321E,5000000000000000000
0x1372eDA77Df5A048db8Af4Db3D8680fF56388824,5000000000000000000
0x3317AD9eDa6942b5a7BE5BA83346C0Ea82C3C26C,5000000000000000000
0x01E6b50557eF1a2ca58A621998aCe3f278E808B8,5000000000000000000
0x429F9aDA43e9F345CbB85EC88681BB70Df808892,10000000000000000000
0xD9D00c42BeD99A6D3a0F2902c640BCCCEECF6C29,5000000000000000000
0xB1EA5a3E5EA7fA1834d48058EcDa26d8c59e8251,5000000000000000000
0x9e5B45e4872DE2Ee4b6ffBd06b3735501826B032,5000000000000000000
0xD0Df93fC03a7291e31947F5cC6ef526f5B67B0ea,5000000000000000000
0x88FB3D509fC49B515BFEb04e23f53ba339563981,5000000000000000000
0xb9f4cdd9eDe4f8CB42A1a8348397487973C62509,5000000000000000000
0xA56DfbE8010a8830a9Fe5B56e8efF7236e277120,5000000000000000000
0xB4b82978FCe6d26A22deA7E653Bb9ce8e14f8056,5000000000000000000
0x48A63097E1Ac123b1f5A8bbfFafA4afa8192FaB0,5000000000000000000
0x17D0BE8CA61077871da5D86566D43eE10AFDE9EE,5000000000000000000
0x7bc86bd5e77d7B28e34253a630912f631534762A,5000000000000000000
0x074f6AE33344644a4eB3A455fc7F0930BdDf3fe2,5000000000000000000
0x45a10F35BeFa4aB841c77860204b133118B7CcAE,5000000000000000000
0xdab0d648a2a771e6952916A822dddf738b535f5A,5000000000000000000
0xDf71878436e521e430fACf36ee5e3D74fA519F2c,5000000000000000000
0xdb5781a835b60110298fF7205D8ef9678Ff1f800,5000000000000000000
0x46808732DF838B1a9612829A1b33411E995c3e0C,5000000000000000000
0xe02457a1459b6C49469Bf658d4Fe345C636326bF,5000000000000000000
0x8E4ED221fa034245F14205f781E0b13C5bd6a42E,5000000000000000000
0xA2BF1B0a7E079767B4701b5a1D9D5700eB42D1d1,5000000000000000000
0x59a5493513bA2378Ed57aE5ecfB8A027E9D80365,10000000000000000000
0x212BAf65228fe03674Da0EFb88cAc7EADB276DB5,10000000000000000000
0x1a13C53d516f6E8321e9903F224861e74BBD7AA0,10000000000000000000
0x8169522c2C57883E8EF80C498aAB7820dA539806,5000000000000000000
0x54A37d93E57c5DA659F508069Cf65A381b61E189,5000000000000000000
0x18c8F1222083997405F2E482338A4650ac02e1d6,5000000000000000000
0x732a4B05C31da514e30411d79E3E17624579B848,5000000000000000000
0xB0623C91c65621df716aB8aFE5f66656B21A9108,5000000000000000000
0x067b9Bbbbc42d2AB9b9Ab6bB62646dAF7F344A76,10000000000000000000
0x490539F53dd0344287b8C8FD85D0Ecb8eEF44DD0,10000000000000000000
0xaA73Cc17b6cAe8ea3BE9Cec5040C4101ad85F02c,10000000000000000000
0x464D78a5C97A2E2E9839C353ee9B6d4204c90B0b,5000000000000000000
0xEA95cfB5Dd624F43775b372db0ED2D8d0073E91C,10000000000000000000
0x018A3833CCC9d365195441C32e2202f2CC9e5F16,5000000000000000000
0xCF0FA79c915F12592c352FFe35000fda5c96a158,10000000000000000000
0x809FA673fe2ab515FaA168259cB14E2BeDeBF68e,10000000000000000000
0x2B888954421b424C5D3D9Ce9bB67c9bD47537d12,10000000000000000000
0x839395e20bbB182fa440d08F850E6c7A8f6F0780,10000000000000000000
0x399e0Ae23663F27181Ebb4e66Ec504b3AAB25541,10000000000000000000
0x54BeCc7560a7Be76d72ED76a1f5fee6C5a2A7Ab6,10000000000000000000
0xE5501BC2B0Df6D0D7daAFC18D2ef127D9e612963,5000000000000000000
0x190473B3071946df65306989972706A4c006A561,10000000000000000000
0xb7847E247871f468F221E2113640A5B9e98e19f2,10000000000000000000
0x1D5460F896521aD685Ea4c3F2c679Ec0b6806359,10000000000000000000
0xf07A2439296e07Bc4320AF924E655a01fb69D89C,10000000000000000000
0x8d3808B4e8EC725DC283391196Ac5109C60b945e,10000000000000000000
0x329c54289Ff5D6B7b7daE13592C6B1EDA1543eD4,5000000000000000000
0x13BDaE8c5F0fC40231F0E6A4ad70196F59138548,5000000000000000000
0x47C125DEe6898b6CB2379bCBaFC823Ff3f614770,5000000000000000000
0xfC61965861b679c5AA728D41Fa6Ea0b29544F554,5000000000000000000
0x7AE109A63ff4DC852e063a673b40BED85D22E585,5000000000000000000
0x797D63cB6709c79b9eCA99d9585eA613DA205156,5000000000000000000
0xdC1F98682F4F8a5c6d54F345F448437b83f5E432,5000000000000000000
0x40f784B16b2D405eFD4E9eB7d0663398D7d886FB,5000000000000000000
0x62a43123FE71f9764f26554b3F5017627996816a,5000000000000000000
0x683a4F9915D6216f73d6Df50151725036bD26C02,5000000000000000000
0xa6e8772af29b29B9202a073f8E36f447689BEef6,5000000000000000000
0xa7f0FF0bc7fb4c60C7C88551172E455d4b11CE74,5000000000000000000
0x1B686eE8E31c5959D9F5BBd8122a58682788eeaD,5000000000000000000
0x2331F2D4C65155C10f2a3ceF4d16F79aa4607e73,5000000000000000000
0xb55a948763e0d386b6dEfcD8070a522216AE42b1,5000000000000000000
0x1D1a13b16667c284b87de62CAEEfF0ce89E342B2,5000000000000000000
0xEFF506a32B55D5c19847c1a4F8510c00280c27E5,5000000000000000000
0x1d29756e8f7b091cE6c11a35980dE79c7eDa5D1f,5000000000000000000
0xCc878369b26127BD4bC1B0B465bC8bE9b92a4c62,5000000000000000000
0x64cc60a9F6F97ddCb8ac1378dA9390b85Be6dA37,5000000000000000000
0x0a09cd09B0107Bb98a83f211704F036ECa94B92e,5000000000000000000
0xed11e5eA95a5A3440fbAadc4CC404C56D0a5bb04,5000000000000000000
0x8C28Cf33d9Fd3D0293f963b1cd27e3FF422B425c,5000000000000000000
0x46abFE1C972fCa43766d6aD70E1c1Df72F4Bb4d1,5000000000000000000
0x5d8908aFEE1DF9f7f0830105f8BE828F97Ce9e68,5000000000000000000
0xB933AEe47C438f22DE0747D57fc239FE37878Dd1,5000000000000000000
0x590f636a0E62A1D72eE78a292134eF82fdB5D954,5000000000000000000
0x554c5aF96E9e3c05AEC01ce18221d0DD25975aB4,5000000000000000000
0x380180f6D556CAE3b3a93B51D376B8c6a164a82a,5000000000000000000
0x9bD2FaC7347fB4A4d4Fd6c8C2182db822Ca1d75e,5000000000000000000
0x7e4569f6E601C5FCAb871c9D21E266aeDebc2ab7,1000000000000000000
0xaA8A0111E791F6DB540Cc2FfFE0165f7119d9e98,1000000000000000000
0x5b655EDa7D101f98934392Cc3610BcB25b633789,1000000000000000000
0xf6B6F07862A02C85628B3A9688beae07fEA9C863,1000000000000000000
0x0F0b4e2d2Dd6aBD49406a453d5AbAACB1A49abb3,1000000000000000000
0x03D1ee0729188eca4c614f2C123DB63639b2d018,1000000000000000000
0x3aB8DcCd0a3f3CDC8Fd3d5c55957810971BEf622,1000000000000000000
0x1ead7A809eabca2b8bA1344bf5E69431E9E6f750,1000000000000000000
0x09F3DA83660926Bd0979971A5Cd5fd479bD00A45,1000000000000000000
0xd69fA0719764Fe93302c46b0656FD764ceAda23E,1000000000000000000
0x80D63799b1e08a80f73FB7a83264b5c31600bF3a,5000000000000000000
0xb3c534c79d3948A1956F75DAccb4489b65AE7141,1000000000000000000
0x8fA54F2e82C2afA672B3c1C3931751af5a5AA2a1,1000000000000000000
0x4B5F5bD1B0029A00aA18B3BDBf6E71045dC48e2E,1000000000000000000
0x019EdcB493Bd91e2b25b70f26D5d9041Fd7EF946,1000000000000000000
0xd334741D0766B257B18f2d058E844E17E346A0C1,1000000000000000000
0x393E5f28F1ecF889E9344288ccDae19353FBf9FB,1000000000000000000
0xBa3d971e2F9311e8B9F8245D37E3c5752CE708b7,1000000000000000000
0xAE314d4517D2Fe42DBfdAC0861a73eff8C769218,1000000000000000000
0x1748E6c7332c96521088840de8e80B4E4743aC67,1000000000000000000
0x39c5205c8bdF97949EeEc5C285E0C0C368D6efA9,1000000000000000000
0x139aAF232C99a552890e2C2e71CD0380b01Fb2Fb,1000000000000000000
0xeF9c423b05883E08517F692d7Be8ddf4f320d090,1000000000000000000
0xD5C540Ca44A8D10b1bbE0f2F54a919Ba66F0d953,1000000000000000000
0xa6bd277B3E6c90A53ff251D40375f3a9c525BF88,1000000000000000000
0x773f7A0C40df682f5bE62a07760b7a28015c58ab,1000000000000000000
0x4a8162B74EA4070CF83a3fCEf66dB7C85A229948,1000000000000000000
0xf9906F1529c6B6E916AFFD51f1Cdb0934f3DC73B,1000000000000000000
0x8ec7C75b01F4042628727300717e0b32b33802aC,1000000000000000000
0xb56Af694413653d61bbF9FB2c77D7DBFa44C7792,1000000000000000000
0x0abA2A9A84B9DbEb1DBDc227773dA9B1EA19414A,1000000000000000000
0x5f350bF5feE8e254D6077f8661E9C7B83a30364e,1000000000000000000
0xE2850b8d2f55Fa7f6b3D4f8484240d94c19eFde1,1000000000000000000
0xDE926C4c49bd9a2E2aeC3A2A83b21908E257a3E5,1000000000000000000
0x006a8a496889e9983A5256F34B608Ee9569ba319,1000000000000000000
0xB3Bf22f2D4fC205aa9c9e15608fbc20B0e385D29,1000000000000000000
0x3848aEC8C70406EC2B493a7AD790e9752973d223,1000000000000000000
0xaC4361f56c82Ed59D533d45129F407015D84702a,1000000000000000000
0x7Ce0448B0FAFAB6cAce981fFFA967cf380A2cc33,1000000000000000000
0xbE694be8e812ae1a99443b32041142C36597A772,1000000000000000000
0x45Fb8dE238678Ff6DF85342391B8c9D1877A88E0,1000000000000000000
0xD3348BEf93d6C2Dd82a05c68c69C285daC7115CA,1000000000000000000
0x0ceF60B5f55418a501e08dC6426d0Cd70ebA8e5f,1000000000000000000
0xF7232859117c8a4018605bf6D231eEA04e9937e6,1000000000000000000
0xd1a5b91957530E1B3e9cfac1543467C60c352F69,1000000000000000000
0xc4a25aE53DDcbC62AcAcbC0c3F25A38D3bdD77fA,1000000000000000000
0x05330bd13eDBD6bB1F1ebEde8D9F8b0Fa592F0AD,1000000000000000000
0x0e9B85B830f694f8A792bA721DfFe06c7E256588,1000000000000000000
0xBbAAF7095E5f4e74b11534532C5D43a3c364bAd4,1000000000000000000
0x21d5E578Dc101a132b1457f8a696E8EEFF97A4B1,1000000000000000000
0xf094deA89A47775fDa83d32B558105B5DE0aB2D4,1000000000000000000
0xf7232E584fC544d6A5F9A8F050111E2fB5bACFad,1000000000000000000
0xA3A8487372103510d2aef56b901BE55594d65Ec2,1000000000000000000
0xA99d561157395a8DAe190a7aE2a4ca906391EB67,1000000000000000000
0xE42d92A065F2a7B389de91b24797486cd6ae572a,1000000000000000000
0x658c7e40FB5426708E21eDDC4e2775390EeB42c0,1000000000000000000
0x14a5eB6a2434407c1D99B610c3070F4458D56Be6,1000000000000000000
0xe91E20Eb548433B7A75f284C761341A53De150C7,1000000000000000000
0xf2DBB4E3b7A569bF1318316Ea09e61397702dD0A,1000000000000000000
0xe158DcC1779FcE4c48C8D3155eC35FAE7C52D093,1000000000000000000
0x36Dd407eD089f6cbfe6624191FaF9Ddb06d2d7CC,1000000000000000000
0xb399c88d2808e28780dcfF14F39a90aE5ecC3725,1000000000000000000
0x9A6342516B1b209535c3A904FfD5055A45e48e29,1000000000000000000
0x42ec7f12e6B84DfE531E52E937614c8C63D0075e,1000000000000000000
0xaa75061FEff23ea4e329d469f0bEC8f96CeB26B7,1000000000000000000
0x1B4C3A69ae07D42ba57EF7Ae3Eba2E924628104d,1000000000000000000
0x5410D079D8a9B760A6A12d6e548eda36264dA370,1000000000000000000
0x10454B05eb75170A20fec4B1Ed03586ba8403D20,1000000000000000000
0x4d2803f468b736b62FE9eEC992C8f4C41Be4Cb15,1000000000000000000
0xBA469afE40469f8133A1A261CEa6c4e799b38e42,1000000000000000000
0x9a0bF4C2cF0569856f658D0033d7e00E28bc6dC4,1000000000000000000
0x8304ff5B15606C732418b149a5F73B648269587A,1000000000000000000
0xE21C2c8f90e102976F3c25E5a4d833456A2D2516,1000000000000000000
0x81B55FBe66C5FFbb8468328E924AF96a84438F14,1000000000000000000
0xD952fB344DDAcC0c0e8c23cc686C10d5Dda11A97,1000000000000000000
0xC22C362DE96EBe900260cE4ADf23493b8875bF5c,1000000000000000000
0x4FBF8691C84c5818ef35b478451926502EcacD3e,1000000000000000000
0xaCAcC26b44fdB92546e95e5eAa2A1a63FBc79Ad8,1000000000000000000
0x66Fda6B697155FaD61694713F4d6B0c02736E2a3,1000000000000000000
0xC5CB2cdD2A2dBF6090a30407189701BB24e6318F,1000000000000000000
0x9C90928E26DA7C2c26fF33Fb064Ff9D747082149,1000000000000000000
0x8ea42a3334E2AaB7d144990FDa6afE67a85E2a5c,1000000000000000000
0x7b6b65B870D43dA9ABDE8Cc85528996D7f2009d0,1000000000000000000
0xfffC5DBf3651E01275Ec26ab055d100414212AfC,1000000000000000000
0x139F266FcC254e643a021C40cB95EC6459381048,1000000000000000000
0x542125EFA564a67c0d9Be3297B214a85152d07b6,1000000000000000000
0x5cd79437aBff81C065c1f327e89132d08fe16303,1000000000000000000
0x9eC27e293d8896485D2cD592F9E4b6f26161451D,1000000000000000000
0x32fB7e574FaeaAAF0440B609c117025c182f8C3B,1000000000000000000
0xEe62CD8ee11731BBdDb799F9Cd8700DBdB0d7FA6,1000000000000000000
0xAA052288600045c5709c2E95d02fa58E79c9f341,1000000000000000000
0x3B5799e3de4ddcEc59666176a2CCcb9Fa0245D5b,1000000000000000000
0x548B4a7B042FBd4AEdC2B640047214d925A1F435,1000000000000000000
0x766f7f304336459bCf9C1D6E0EB94bc509b4281E,1000000000000000000
0xBa51a66e6f2c54e7f6Cbc679dd723FAe8D814A93,1000000000000000000
0x75Ba5EE883c2Ede43282bDe16E38D6Ca8eDCcDf3,1000000000000000000
0x2007db9f019DB121c8534B3Bb779F9fB19282614,1000000000000000000
0xE5691DFc88e01c16F46560E1a5e6A5ebF0678BF9,1000000000000000000
0x780F3308B5eEEF72135F2843A90fe64cC0698fbb,1000000000000000000
0x99D34E5E69Be421e294F130433e2CDb0F875129B,1000000000000000000
0xB2FBa7f4384C517E1524846aba89393b3eF42042,1000000000000000000
0x4A994e341d98942613f490fD81D65921F5954Bd8,1000000000000000000
0x899e8f10b289527045b0E549d815d3C8D316a911,1000000000000000000
0x3C7d5bB537AbAe440e0Abe552342F422a4B1e6c1,1000000000000000000
0x06Bc596fb16734F7AbC3a5996b580bE932c2fb72,1000000000000000000
0xD417B6829Cf096DD1442339d5B4441a9c0877893,1000000000000000000
0x70DD0Cef072Ec308E6708C20553cd9299d4d4c2e,1000000000000000000
0x501783E585936116220b5028C4C22DC9fdB991Bc,1000000000000000000
0xC6C9D802bC16d8746AAfCAc4781F9a8d442D585D,1000000000000000000
0x9aCC748Be66b780137AC3693b39454cCdF32197f,1000000000000000000
0x1435897BF06bEcaF783fa3d626D3557f51c4A00d,1000000000000000000
0x770752b48839c4d35b5157dAFc128b2662e6C0b4,1000000000000000000
0xc136Fcfb1667e5e882b94941efa104447F248560,1000000000000000000
0x4B771e3421D4FbecC6EB67A26aF77aCa85eF2Ac3,1000000000000000000
0x1e0C99996f7d1F6B700784C1F72c7B3d3eDd1bAf,1000000000000000000
0xD2bC3F00F8B5Dd1159708ADA58B42a2B3Adb1Eea,1000000000000000000
0x4271936a2Fd403283c6cFb4c0C3c89430d0D4AbD,1000000000000000000
0x768E933B72Cb48c27Da79E906eB7cF2c9fA56Fe6,1000000000000000000
0x24C43CC24e9068073FCA79E9Fce8D8bd14b9f91B,1000000000000000000
0x338158b504f95578d83C532956811F27bCFA439F,1000000000000000000
0xAC5fd8abBfb2efdB330f627d9d69D1C0909d6316,1000000000000000000
0xc0Ab96ce308Fd93C36D282D939bcB9a60fc69f2B,1000000000000000000
0xF05Abab203216009F6E41920845eD940C947Acc1,1000000000000000000
0x6663974e9cfA2A9910a6e27D7074d846684c7c16,1000000000000000000
0xf0549d13B142B37F0663E6B52CE54BD312A2eDaa,1000000000000000000
0x7a40497782F2AD3aB9e9C08E67d5A95641110D52,1000000000000000000
0xA1fe8652a26Eb29Df5a8cad586C9dfB0ecCEd92a,1000000000000000000
0x8f38d2d7094825002E39Af5107F61a0699A962A8,1000000000000000000
0xF25caD4B9457088b7f1991ef7eE7A40F83Ef1879,1000000000000000000
0xe626E8ca82603e3B44751f8562B5ED126d345140,1000000000000000000
0xF2A32aA3545C06064e9420c5a60878A4BD7C90D2,1000000000000000000
0xD498cb6FE841aCA66f7acf395D278C2506eE5380,1000000000000000000
0x2e1A43010D643DA0D648117FDE15d17A1fE57Df7,1000000000000000000
0x66110624d10a25e930690b0Efd6bF018Acea5703,1000000000000000000
0xbc552fCDc59B572f3a09cC82424a483a233F5914,1000000000000000000
0xe7e9f9863535dB549bF55CBa243D4c0ACbABAAB2,1000000000000000000
0xb592157cBCa197999C71a8F286a8e2df37A829c0,1000000000000000000
0x16D03f5033541dA2d33998FDF4C83674162ea8BF,1000000000000000000
0x5C6dC84e8284A3FEd204C546cb00c149833D1434,1000000000000000000
0xEf032630A3Aa621154b2792C1512779EAe1a37Db,1000000000000000000
0x8022Ca68E5CCF9ea419c8ae15411427709945a35,1000000000000000000
0xEFA21088F3830cD7d9f526eA268f7AabA34F785F,1000000000000000000
0xaA7c11e5998fc876eE90D1680e0Be3dE8f6Ff506,1000000000000000000
0xFFC48a9fE34f2eaCaf1267dc5308F7c2Ff3405bB,1000000000000000000
0xd8eA33bED4Bf23b37569e2a37277570c42E976ea,1000000000000000000
0xCD6f0Ea30c5d3BEb3668104a149FAD896DeAb5A2,1000000000000000000
0xe0520e692Eeda15184e9Cf2724D609B841cD1b1f,1000000000000000000
0xaFaBa30769374EA0F971300dE79c62Bf94B464d5,1000000000000000000
0x29BC20827013D24dd74Ae3864D89f67383FF5Bdc,1000000000000000000
0xd14BF29e486DFC3836757b9B8CCFc95a5160A56D,1000000000000000000
0x006E88f3893a623eD17f891fAD98026395FF757b,1000000000000000000
0x1258b93Cc472ebe7D97D16947Ab82a7189b4DEe2,1000000000000000000
0x8E3e38452C0215D0AD940574E3Db6ba87C645Fd2,1000000000000000000
0xE4C65d7DecCBeEf7c339e292a557e681111C46D1,1000000000000000000
0x6e7b420Cc69D093cDC3d7e8f6E1076123365e92a,1000000000000000000
0x0c887420937d8F9305fF872eAa5aaf5e379a811A,1000000000000000000
0xBA2Db0508fc7848972bA96602b19e68B48F13BF3,1000000000000000000
0x78f0C4160f307c460C6A2f3D029E1a2B7cFdD392,1000000000000000000
0xFa3575d1AB58c6A7549D09dF0E6029344a72bbCc,1000000000000000000
0x6A22db6dB62e23168a387b1ac2EDCA2967899a08,1000000000000000000
0x097A3a6cE1D77a11Bda1AC40C08fDF9F6202103F,1000000000000000000
0xbbe43612b9B577d5d9cB786324880c01d5792Ebc,1000000000000000000
0x5A8aa4D60a2491cDdF4F12fc8e6B30584DA7Cd92,1000000000000000000
0xb2A13fA5Dbc5f2CA5A5855F91bbd081B5d5F3F40,1000000000000000000
0x84e1056eD1B76fB03b43e924EF98833dBA394b2B,1000000000000000000
0x57eFCc7607CD2da49D73E8F9C88ed114CbdC5CF7,1000000000000000000
0x17a91203A9E9C3519c2F76210497eF7F4BE2352F,1000000000000000000
0x8eFD27A5A585e2220d3d013F24722D8474Eaa6F9,1000000000000000000
0x6570620407aF4DbFE9350c887936dCabd58702e6,1000000000000000000
0xa7B301F741Bed2Bb89492c58074c785623E11265,1000000000000000000
0xe88B332014F249e78F641c9dDa0F9e1fE7023C8E,1000000000000000000
0x58DD7F87F7d94920550Ca53E3f4a8E5c54b28664,1000000000000000000
0xC9e30D0DB2637541A7eBCC0DfA0741c798BCdcd5,1000000000000000000
0x87E01fb4B241d6D7b4eF9E0Ca2b4B828983197d7,1000000000000000000
0xF760E6b91f0D4430533AcF0232F904ef3074Ac2C,1000000000000000000
0x693eDBCF118EC982f5A8101498b6c789470B0b89,1000000000000000000
0xBB1D9A024feE509d165D6bf3bDe693E87735F0Ee,1000000000000000000
0x344AEdD72A51BD30394F9f4cDb754CD4bE3C7F51,1000000000000000000
0xfcE92BDB5D1bBA58A844Cff9dff8A5e680670Ade,1000000000000000000
0x09825AC4fb2189bb789C155633B8a78407d64004,1000000000000000000
0x3df13B9bd79158f0cccDDd0833cF774178e3d2e9,1000000000000000000
0xb9bFe49eAf4B98E5062974DA12547D99091f1d97,1000000000000000000
0xCE8D52c38d74B77a0aA361c48Fdce6b220A3370e,1000000000000000000
0xa565ea02CAeF7D1b6b5B919f3fcF829647ed50dD,1000000000000000000
0x7ED27AB6cE44B19e2c1eE1317B836D4dEC1fD7ae,1000000000000000000
0xD3Ed2b8756b942c98c851722F3bd507a17B4745F,1000000000000000000
0xbAdAAaf7F5D6cfAa1E69b87E4698442BB0689b67,1000000000000000000
0x0CF30daf2Fb962Ed1d5D19C97F5f6651F3b691c1,1000000000000000000
0x114B242D931B47D5cDcEe7AF065856f70ee278C4,1000000000000000000
0xe1E801E4891a88d01a028D8ef34352Aa07f188dd,1000000000000000000
0xE912BC1F48E05629e94e5e7b7f87DC45E97f9d7e,1000000000000000000
0xfE1d177037DF1ABbdde4c0E4AFcdE9447F8511D0,1000000000000000000
0x7C95F433B10f642292d7230cEd6897D9b57B372F,1000000000000000000
0x73Db21c78a84427377bAFaB6BBE049b443803FB8,1000000000000000000
0x267Fcc4022018e319220dd7AD904C340131021eb,1000000000000000000
0x5A22754f0Df17d0b3c02807afCEAB578e255D0B2,1000000000000000000
0x8Db2adba1F8F2B1aaCa5A75F0B8Be3504A04e5F3,1000000000000000000
0x7c69752552Ba3AAb4CB05ae17c709e3FaFb76d0F,1000000000000000000
0x20c15672768D4d9d21768c498b5E2FB0123B281d,1000000000000000000
0x9f0Cfba70719fc84a25A4f18ba6ff101f5be4A71,1000000000000000000
0x7459E3045EAA7dfebB7b75C81E840D90Ce029511,1000000000000000000
0xA7860E99e3ce0752D1ac53b974E309fFf80277C6,1000000000000000000
0x9AFe89355Da46f42b37Aa58e8334D25DB3A66684,1000000000000000000
0x76dFe06345AFcea4c6DD01e7363CFF04766d1181,1000000000000000000
0x7f610402ccc4CC1BEbcE9699819200f5f28ED6e3,1000000000000000000
0x038591b6f402534863f66E07135533c063bA03C2,1000000000000000000
0xC2bc462Bb4EF7fd8d4a350dC9681C676ddF7C0eE,1000000000000000000
0x1EaaF618c5BD2A34B0b0204f1B71F34090a61BCA,1000000000000000000
0x08B9470D5F6A14B642b120D9c4b5c25638502aA2,1000000000000000000
0xb1C72FEe77254725D365Be0f9cc1667F94Ee7967,1000000000000000000
0xabf1FF91cECD9990B3f29363B62B87FD76f55F4A,1000000000000000000
0x9871274111144381F9f676e9B0f6783399fdaF9C,1000000000000000000
0x4b29E909AB75b56995ade2B0157AcaC4fda871D3,1000000000000000000
0x4bA32a1926cc3cD2aDdb19c2edC4Bef53B5FB944,1000000000000000000
0x0752F0401371314F1ceb83fa93CDd2A99aC42a77,1000000000000000000
0xa0215ceBB4fBe627CC1C41E81957ca3835DfEaEE,1000000000000000000
0x9997ee1FEBF59EF949C1699E9bc7A96785D6186A,1000000000000000000
0x42C93E84C810db00C84f91A4Bd94A70Ab2d9dAAD,1000000000000000000
0xdDf5c72bB38f540613951F5C74413035DF599E97,1000000000000000000
0x15beF7bd3A15569b8b70B6b3d6AA30fC0A80317c,1000000000000000000
0x98E4045cad26377A67Ed26E92A2024646DDaCeaf,1000000000000000000
0x75eB7b5522B69fdaEe6331Ed0c05F6418dC07079,1000000000000000000
0x6f104d32458a2E9915495e64d2e34B0874462F82,1000000000000000000
0xE239ea692B7b994407408A63b421E09193620938,1000000000000000000
0xfF550D3d86154190F45CF0F4ABe13Da9b93FAF2d,1000000000000000000
0x63FBC0fb7EBf54637506f9BA2E615884D3D2A688,1000000000000000000
0x9fF7139026C3040Cb537838D7c302f76256107B3,1000000000000000000
0x258876CA79f23e33ff99421b889Ced62C8D8c9be,1000000000000000000
0x7f013BCBc97AeE6675389B31b6fFe1821fbDE7d0,1000000000000000000
0x56fdE52FAbA95D5164DD3Fd46509Ed7dBD258130,1000000000000000000
0xF9A15449216D9d01510fdb17768DCD1845e10F36,1000000000000000000
0x56A20D46BcA2962D0bc1ECDb694804B02598E1D4,1000000000000000000
0xD9eA58F4a8df503d364a4b1136AD62219069a2C6,1000000000000000000
0xdcBB4592CfF1C51be53306ac0340270282786E34,1000000000000000000
0x4d299b88C6B1d88Df4534Bd9d3D57D1a0a74b1B7,1000000000000000000
0x4E22D51e32b4bD6d8b32CdFA7710D21F559B7769,1000000000000000000
0x069562b6ce700AA824c3099A44A27416F76Daef6,1000000000000000000
0xB07b3785e80bacFb6ec656914Ef098f9A6a44e2A,1000000000000000000
0x0895703c9C6Cf9d5b81CC920918156bCe59a01B5,1000000000000000000
0x31954682fe6B9d0904D6E8B00fd19D5B629ebaca,1000000000000000000
0x6DBb3Bafaef2f137E56C34c2F39AC33708Eb0657,1000000000000000000
0x773E317538839D883dEdFFd6b8838E41f02812a7,1000000000000000000
0xFAe318107669eb4b2994eB2Cc0Fc59F517AddC08,1000000000000000000
0x87E81A42D382A430fe89BAED47dA03f3a4aAD31c,1000000000000000000
0x1C7439cba52557AeC3847bC61a963fD02F586f57,1000000000000000000
0xf451C2b54b52fe68795b03B4354B0D7C83015412,1000000000000000000
0x08fDe0B08e178549fbBA1d4C156bc4739434f43c,1000000000000000000
0x35B661c7eCEc99a0322f989d05d1BF9Cf9049aBB,1000000000000000000
0xD5243399764FEbDe401136fFd028cAa9fC8E3920,1000000000000000000
0xB93b6aDFBfABf7262f6208F68249CdF49fF390E9,1000000000000000000
0xd6bAe8722ED651ad950d3D16A1fAFC00D3deece2,1000000000000000000
0xbFCEfE14564FC73dd74324083126f17CeFa30e47,1000000000000000000
0xD10cCcFfA9ee0FdB82075D85574a2C12c894be0B,1000000000000000000
0x2CF56788E5E06D5Ee33051c9aD55d9cEb3988BF4,1000000000000000000
0x1f695788cB40ee2Cff31694b128599696294Fc9a,1000000000000000000
0x6e29836e3DeCB3cce72eECB8d993E8e6BeE6fC1F,1000000000000000000
0xaeaF8bB1966fBE33a7773c542e8167ab7390748D,1000000000000000000
0x11D15C3DC69018B6e03c061B93bB9295eEc50De2,1000000000000000000
0x123316Af6862bD440a18e464F4010aA42c8540A6,1000000000000000000
0x9499054d02A725316d61fA896c29D58550ee4a5b,1000000000000000000
0x189309369dE66281C05B98AcBBb7F893dd6ABE3d,1000000000000000000
0x3Ec10509a60B1841da71567DC20E9CcfDa123b05,1000000000000000000
0xbCD8133Bb212F13182aF76113683eEF177fBD607,1000000000000000000
0x72F4532D2C5Ddb9B67d676323A38190212f7569C,1000000000000000000
0x5db31aB23fB05032F6a9bBb4b535e13471aEbbEE,1000000000000000000
0x4C24933E229f5d63393E22602a4AaFf673c3b964,1000000000000000000
0xbfd61CBadEab8135dCaBF58A912c648897e92CBB,1000000000000000000
0xa06daFD65856cAC4E80B9081cA6f7581594D2237,1000000000000000000
0xDd3b7cFD948d643FeB75Ea3E07d2DD6B5cFF4Bd0,1000000000000000000
0xc3397236e0AC8948D2aCFD42A10634d9bc5ebB18,1000000000000000000
0x188Cf2786Fe9f011056fa4AA1DA6870273c493B9,1000000000000000000
0x5bA82313D7c37E89F8BFaED11A3cb7FfCf575726,1000000000000000000
0x980c92a4894FdF4105434C354860b19A45A704D0,1000000000000000000
0x92b48A3e9DF16Bf36000B5A7E93141673103bC1C,1000000000000000000
0x68f4896f33a8B301720d7cAEab445950CDa659d6,1000000000000000000
0x7feCFeF13eF2e84e212F398F6c6ED41032cc29a9,1000000000000000000
0xA77D02130A9eb6C3b5d43682546EC970af97223b,1000000000000000000
0x01B51395A41C791DA6D0cf6b5Da6A58C8350Ed05,1000000000000000000
0x7B88DF8AF7a283e3dc84A7Fd97Fde19cAbb90eD4,1000000000000000000
0xc64b11F6cC007E78a4DF7A4Fa7b135A1a41d9e7D,1000000000000000000
0x80292caF76f0e8A4a7B8b105d34C7830Bf7a7299,1000000000000000000
0x9A36aF7035A018D2471B825031552C0043f33E7F,1000000000000000000
0x3A9C8c48b0A7A3270e0675B30077ABC19fe8923c,1000000000000000000
0x869DAaa8257aBBBa3471A909CFa9c728be4D82f4,1000000000000000000
0x56d389C4E07A48d429035532402301310B8143A0,1000000000000000000
0x1289f94BCC60eD9F894AB9D5a54C21b3D4B3f2DA,1000000000000000000
0xaCf4C2950107eF9b1C37faA1F9a866C8F0da88b9,1000000000000000000
0x3cd59579E11c437ae01b323c6c09e7a2F81F30dF,1000000000000000000
0xe18c444E82dDac4046a55355d97241eC59c7184C,1000000000000000000
0x2462433b7874f33b74395D17e8619E8Eb9eDA5F8,1000000000000000000
0x92F9c9ad9874F96Db57C66E4E34B607D11cB2999,1000000000000000000
0x284e540c527498d5fa5C48Bc852155b0e3ba042d,1000000000000000000
0xb1DfbD6e2689E045b7B55a4794a59b018D0a931D,1000000000000000000
0xA2F763fCD99E93FaB0b258040fD8eB51F729e4aF,1000000000000000000
0x8376039219c5750F49A898826557B0dC5bAAE9b7,1000000000000000000
0x9C9b703e59B0F3bc970eCacF6B442e1D7A801E72,1000000000000000000
0x5e7C21DefE711bCd5CEa1B267d2e87F7913D510F,1000000000000000000
0x10F5d45854e038071485AC9e402308cF80D2d2fE,1000000000000000000
0x5C4bA7f70Cc09585B30e137B36313c24F7dC7C92,1000000000000000000
0xF10201cc76Ff471D00391Ad7271E9e9C0389761F,1000000000000000000
0x21532d4267648191bef7a33c813c43cf90a6fa78,1000000000000000000
0x9475A4C1BF5Fc80aE079303f14B523da19619c16,1000000000000000000
0x4C0a466DF0628FE8699051b3Ac6506653191cc21,1000000000000000000
0x26A8Fb7D71c562766cE9A28C0DE6368CAa02c06f,1000000000000000000
0x167eC339e5539100BC453AC349F012e194bf85a3,1000000000000000000
0x98d562c7A4781e3e6c0d16F67469b0A3b0CB25C7,1000000000000000000
0x77aA4BF0dF4B6729730EA08C78a624673Ce63deE,1000000000000000000
0x63bcE35a9caBE0D4446cf22a9be819B3FA6305F6,1000000000000000000
0x552cf430ceb38CC25ACc33a7dc781F288503A90B,1000000000000000000
0x918Cd54A7C8fc49B311826692e318f0Ab898C0Cb,1000000000000000000
0xB11F606ffF7040d5b0a23A6a08468BA76d5d241d,1000000000000000000
0x69b0eD68722A6634F30b9B183AA548D1b5492BD2,1000000000000000000
0x72BA1965320ab5352FD6D68235Cc3C5306a6FFA2,1000000000000000000
0x68F9D801C96aC6ccf562f3600Cef77c4504449b6,1000000000000000000
0x9A5E4d421d72bc1835E6a7b9658CA1924D12d0E0,1000000000000000000
0x5A384227B65FA093DEC03Ec34e111Db80A040615,1000000000000000000
0x3bDcd88A9639F85818Ed5A35E2ABf6292D9b0377,1000000000000000000
0x4a8f6434499f8c9371a98dB9824b4b8Ae2bA9Fe2,1000000000000000000
0xA2113f1E9A66c3B0A75BB466bbBfeEeC987ac92e,1000000000000000000
0x8cb85B3faE649b1Ce508DCD31DCb0B9023a1FB2d,1000000000000000000
0x34da5465D14054756814ADA90b50285d2EC72057,1000000000000000000
0xD1220A0cf47c7B9Be7A2E6BA89F429762e7b9aDb,1000000000000000000
0x1A0b8Eb610eD3489b577892950bB6BE36358167D,1000000000000000000
0x0b66DA2871b9545eDA8082D9f78f09c3e3d7dc5e,1000000000000000000
0x0078dCf16bD12320bAB31A856E9497245Ff50bfC,1000000000000000000
0xd8dA6BF26964aF9D7eEd9e03E53415D37aA96045,1000000000000000000
0x1DBA1131000664b884A1Ba238464159892252D3a,1000000000000000000
0x19e3293196aee99BB3080f28B9D3b4ea7F232b8d,1000000000000000000
0x866B3c4994e1416B7C738B9818b31dC246b95eEE,1000000000000000000
0xAC9ba72fb61aA7c31A95df0A8b6ebA6f41EF875e,1000000000000000000
0x52E2A3B644f25e30fb75d03a1249A45492f00De9,1000000000000000000
0x399A94a4089A5061161F950b37018544FB32a9b4,1000000000000000000
0xf3e2998723dc28052b915FB6aeb0DbFB8BDe2113,1000000000000000000
0x17Dc4Aa0227a4d4f3b4196196Dc9BFaD08EC8E57,1000000000000000000
0x476791bB7a946fDDB419dE7f6b90f7219946f319,1000000000000000000
0x06c2c4dB3776D500636DE63e4F109386dCBa6Ae2,1000000000000000000
0x068484F7BD2b7D7C5a698d89e75ddcaf3a92B879,1000000000000000000
0xA903b19357B96603C7574fe9145FD8ab6Bd3c6F1,1000000000000000000
0x916986dEEA4A3f031f82b0412F17dBCFF9Fa39d2,1000000000000000000
0x1B63142628311395CEaFeEa5667e7C9026c862Ca,1000000000000000000
0x6DfAFe40Fb06BEbdc5f44d9d085Da6328e281Db8,1000000000000000000
0x07f0571566E4b07eA825798A70Fd67fE79077f4E,1000000000000000000
0xf2dCB1d3B7091Dcf2cE87aD115377C108ebE6DD4,1000000000000000000
0xc4c459668fb29833D7Dee997d7D347e2634C9CEF,1000000000000000000
0xe03a2766325d914898cdA00d4EF927A305786Aa7,1000000000000000000
0x1434b95234155DA830c20d02548aF22f14A38FbE,1000000000000000000
0x876133657F5356e376B7ae27d251444727cE9488,1000000000000000000
0xCC6B0a35481EA40b60780B7c0294c6c29061038f,1000000000000000000
0x9834b17a29652e317202109C2e624FE0A32A1383,1000000000000000000
0x79d31bFcA5Fda7A4F15b36763d2e44C99D811a6C,1000000000000000000
0xFB2A9c3afb1f0D71c8fCD548da12c22CA36409B4,1000000000000000000
0x0Ea7d69Be83460913E8b6428302d468BDa585D1b,1000000000000000000
0x74d754378a59Ab45d3E6CaC83f0b87E8E8719270,1000000000000000000
0xA1A0Cb3Ce40DC9Ef78f05563047f286640DCe552,1000000000000000000
0x429882f4Ee6eFeF049ac273BF2abF89E6cB906b6,1000000000000000000
0x18c18803a9eb6E032F50E97e6637cA8f811Cc118,1000000000000000000
0x6e6C53F81E310d53387Dc2166EE9A632cf768fa1,1000000000000000000
0x72E772A305cA37321e2461770896F607F6B41844,1000000000000000000
0xB4EBA2c82c248584a2DA0c75e1168D3b931D18af,1000000000000000000
0x4DF37CC3C48eC3EB689c8Bf0D91249cE2506f73B,1000000000000000000
0x4f9C70C7F0480fFeDefd32565fb05eFd23d53726,1000000000000000000
0x764312Ef291900eF32be90dd3Eb5a1bfa6788E84,1000000000000000000
0x192bDD30D272AabC2B1c3c719c518F0f2d10cc60,1000000000000000000
0x6262f720679C04cc7f2a14c0c03486D0287c4853,1000000000000000000
0x714Af4c78135Ec866a3cd34755BDB59cdb9b7246,1000000000000000000
0x6995870D9890e10979aFCbDEA5d8D249e969822D,1000000000000000000
0x1708bdfa333F81993A1eDcFEc6821a3Ec563eA06,1000000000000000000
0xEfC711B22F4fDbCBC221aC7c116e90c699D0b708,1000000000000000000
0x819681641e07e80F817a34f82400DeBcc2579b98,1000000000000000000
0xd822554aBe37B52E34D0C599EC828dC8C46721FF,1000000000000000000
0x859e1Dfb430A7156fAEF11947F2FC2a3C34B733A,1000000000000000000
0x8595B7e8F4d3287248DB45AcA4Ba4EaCFe4Ab78e,1000000000000000000
0x38BCE8C1Ca5a061aa8e2b4750C18BA3efb27CeD9,1000000000000000000
0x210b0D0694ff95c99dD693DD89CDF2f88de6beC4,1000000000000000000
0xf7108923aD53c6Ef90B6673bb3EC4Af59342339F,1000000000000000000
0x8DB32d6ECCe6b7a3DBEbFAEbE9B329022EC86aCF,1000000000000000000
0x8b8f9A972B19A26287b28162e49787a1f3ec5A32,1000000000000000000
0x644AEDa9E5797474B28A656d9e2016A927B0aE1B,1000000000000000000
0x41866fbD59371800a7A6A2e314641CD69Cd7247D,1000000000000000000
0x8b21033337a7066bCFf10Fe0b3CA2A9DA1c58A1d,1000000000000000000
0xc9535b697E0B430798443c6CA5A8Be257aD368b0,1000000000000000000
0x522DFfc539c264A8f7E0B91102E899b33f4DAbc3,1000000000000000000
0xfB767Bcde95F4a30231c31E9aC53cCAe62fe2b98,1000000000000000000
0x6A897b32996D342535791a74B8a40E75DDf2486e,1000000000000000000
0x886241e011A6C148bdD96B097EB27962f8A1c5F0,1000000000000000000
0xa806D8B9be2C56376264F81F62416cB704ce81BD,1000000000000000000
0xB768c53CB0E6E38716C8340c104335ffDB64B59A,1000000000000000000
0xa6E381D8204d9F407C1a9e5EA4dFa433a75188C3,1000000000000000000
0x95687C27DcE4D413a91A0E1fd0478F4751da8730,1000000000000000000
0x6666660cbB363fc48E0f06C9239641c3302ed862,1000000000000000000
0x855eAb463C41F6Ba5DE353c462878D930d7895Ea,1000000000000000000
0x00e9114dbFeb686eB736f78Aa481eD0528e200a8,1000000000000000000
0xee680e5c2C5251261061F12BA3a5c470D2B6AE83,1000000000000000000
0x50B6d717429F56527676d2431aAA5b3f0FA26a93,1000000000000000000
0xd5a2686B02A15b5269848DEe6e913F07F459782E,1000000000000000000
0xCdc82D78Cb49D4BaA06d0988AfDD27261b0667b2,1000000000000000000
0xF4F56fA0D045ae0e6Ba8f82e2C32887FE0B152Ea,1000000000000000000
0xd295584135829D89427674B72560222B06E08a15,1000000000000000000
0x20Eb6C4F1221C3D3029761C396eceDA6114e1A05,1000000000000000000
0x08f613Db560a38c330414062e1Aac22e5f80876F,1000000000000000000
0x611DaBF15f0077c64fDB5067376Ad593191e65F3,1000000000000000000
0xA9c2ce9dcc090af921FB0a1F874962F65A4b6D9b,1000000000000000000
0x2272a321f0151189d66881f5C0971899897eF71B,1000000000000000000
0xa9F3B26C5Fe081669f88B48a59B370edFDf3e4a1,1000000000000000000
0xCC9C3D6ed709D47255815FF5b5BB17A745B7CEED,1000000000000000000
0x5599b4EAdDd319e2F462b27fC8378B0BFaD309CA,1000000000000000000
0x9843C8a8263308A309BfC3C2d1c308126D8E754D,1000000000000000000
0x0590C193Aa1E23849263FF52Ef769F4CDdb6e947,1000000000000000000
0x52cAC9F2df3068107c95DB3Acf3f6B1256d75E45,1000000000000000000
0x46686E5420B34d5950d37855291d970fBa5527b6,1000000000000000000
0x14Ca9669A2D8E353560b85474575c5FfDe245220,1000000000000000000
0xE85D65E3927451cCC130457e75bF83ee1a5B85c6,1000000000000000000
0x675454Ae78d25632fC26763Fa9CB72a99Cb0A36e,1000000000000000000
0x8638c0a8C936DeFaCB575a2AD5B103F2a3876cE7,1000000000000000000
0x7bFbaBDa21BEEBB17E284901BfC41E942F8128C8,1000000000000000000
0x0ed7C72398379F60CeEC0659E3AD6bFdBAa465a8,1000000000000000000
0x195d5C9A18348765F2BD62a7dc8D389554a28d82,1000000000000000000
0x61BE34fFb735B792ad9126E5b0e4c00b0f5e1273,1000000000000000000
0x367bF4A80DA0Ed955DbeFb228c60fDf20C2f85B2,1000000000000000000
0x3Df615Fd0Db1e44DB65716089cbc1d8F7D572ea6,1000000000000000000
0x440eeef2CEA79BC4AF1ab533D4B381D453dFc900,1000000000000000000
0x4Dd980Ae601dB0a0856F3B7ABd6DD155Efa67b9D,1000000000000000000
0xEFAD0017ee6bcD0F38a8e559761493aA5C433FEA,1000000000000000000
0x0e815C6156E2BE737bd8e81D145D816A517CEBa1,1000000000000000000
0x1b4Cad2Cb2AD1B4dF797AaCf046576A8d75AcD45,1000000000000000000
0x426DC9dCB3C0d6A283268B4bb51AeC48CEB18854,1000000000000000000
0xB649642DEe8E9E25b21cfc67DA7DCf86828dd60D,1000000000000000000
0x79406759Dcf50601263865386e747db8EE2f562b,1000000000000000000
0x6840a08B4e51Cd863BbE6c902b60C59dBCA85f97,1000000000000000000
0x945D28dF9779795BDab5BC6FDD9f36c0Ef1F7190,1000000000000000000
0x8efE50a4b8c8B64FDC93a5b1712Fd735d8223cD5,1000000000000000000
0x319DCd0306908Ce08Ffa6F5e5b6B6a4ff8CCB9DE,1000000000000000000
0x60959Ed8307EE2b0d04306f6b319AEeE8864f1Ee,1000000000000000000
0x840B1dC2abb99f1F86D549303719610F346B2aaF,1000000000000000000
0x6E1DA38F9d9D87ce228234a570D992D4DB294fA1,1000000000000000000
0xf533f2AB9460DB8d665DDe79773F20eCfB35f860,1000000000000000000
0x6823636c2462cfdcD8d33fE53fBCD0EdbE2752ad,1000000000000000000
0x5Ac56257422bF362cec13a4367F86dd0a340f79a,1000000000000000000
0x75aAfefc48D23C65F49603491630308DcBd468f5,1000000000000000000
0xE9D18dbFd105155eb367fcFef87eAaAFD15ea4B2,1000000000000000000
0x475bF2eaf0c54a457c7979764b6dF973F4915964,5000000000000000000
0xcB1a413d8D08b6E8197a3F02d38605d6eFD486c7,10000000000000000000
0xae6Ed364a362ADBEC7Ac4a298BC9537C588694c1,10000000000000000000
0x47b78ACC6D29428F128Eb04B467D316e548e4B89,10000000000000000000
0x935D2fD458fdf41B6F7B62471f593797866a3Ce6,10000000000000000000
0xb453A1B16De1A0C930Ce630331A52bE9ae5586a3,10000000000000000000
0xfA53D837B5dDd616007F91487F041d27edb683A0,10000000000000000000
0x648aA14e4424e0825A5cE739C8C68610e143FB79,10000000000000000000
0x85f0Ad9533aea4fdc870a8B93B0F7e71c018eFcD,10000000000000000000
0x019Ed608dD806b80193942F2A960e7AC8aBb2EE3,10000000000000000000
0x04BBB7eA18EA570aE47d4489991645E4E49bBf37,1000000000000000000
0x06F398ce76aCc1fCE97B7Cab0eb2a96BA9230c9b,3000000000000000000
0x0fb20260d3E8b9D3023Ca3A5d3423Da7C316e6a8,3000000000000000000
0x13224F6760C29f4Da18ee3Fc5436e64010f0c1b0,3000000000000000000
0x1A8167907256ECE255be4563c141C88EE16427CA,3000000000000000000
0x1aaF5e41c2c73617bc120097547A3410CaF6718A,3000000000000000000
0x2068D14Ee50772DD6e89c6F64F32Adad0Cc936Ef,3000000000000000000
0x20eA21B8C700c9186F4F910db0A39578F13156EA,3000000000000000000
0x24878Dc8aedEAF05c7097bBFe65a97c2fC13d15e,3000000000000000000
0x2F595C056e785E13579128DF27cAD2968d034BA4,3000000000000000000
0x31A406EfBD18897c85A028CA2Ad9Bbf06FebAA2c,3000000000000000000
0x34868ed83815AaA53cD1F85032Beaee678A9e8de,3000000000000000000
0x34EcfCa1dD05f10bdFB2A6EA4678388a00791aEF,3000000000000000000
0x382Cab376440F92d4943f8b47Dd45645CF98BE0C,3000000000000000000
0x38dAEa6f17E4308b0Da9647dB9ca6D84a3A7E195,3000000000000000000
0x3A409EfF50A47aEeF294E3f0BB3874490dD99abc,3000000000000000000
0x3Ec6732676dB7996c1b34E64b0503F941025Cb63,3000000000000000000
0x41E260E8F07615418968C5Fc7D10e277Cf7eaB56,3000000000000000000
0x421A8A0C6388FaA1550E2636538d8d7605a8cEde,3000000000000000000
0x42aDD773B02585dbAF024Db751d8944618aDa20A,3000000000000000000
0x431b5DDB0AcE97eBC3d936403ea25831BaD832B6,3000000000000000000
0x47F7EA0dd4418AA1cec00786F5C47623aC37bA42,3000000000000000000
0x4FA4167b3C94A80416bBc768fB919BF3AcE9F8C2,3000000000000000000
0x4cB75146e98562C9d79b31649C6C739e4DCB7CD5,3000000000000000000
0x52B0c756d6f36af804C51211BD5A1fA4AB5dc911,3000000000000000000
0x52d0Fc347560cC997f87984200F4a9344eCDC597,3000000000000000000
0x5805EC51c516e3aa9907D2dbfFeA7F267B1baA23,3000000000000000000
0x5A4B09693CcaA2c3218592D0bAFa7788A01F4600,3000000000000000000
0x5dBC6208Cc2eCB91943355486987AB89B6E7DC2A,3000000000000000000
0x63DaE0946A44eeeAD00C8B30ec206Fda63F7DFE1,3000000000000000000
0x679B4172E1698579d562D1d8b4774968305b80b2,3000000000000000000
0x67D6140FDa661346ad4785F35412aa43fA3224b1,3000000000000000000
0x6D29eB3fE1229DCcCaFe51A085234A0c76Ef6c8e,3000000000000000000
0x6a5dBF2Fb5206EC8192620810C3edB6d5e62B188,3000000000000000000
0x6d0BBe84eBa47434a0004fc65797B87eF1C913b7,3000000000000000000
0x6d8d524dbE93B62995285D6be5Fbf3d0CCC0f2FF,3000000000000000000
0x716722C80757FFF31DA3F3C392A1736b7cfa3A3e,3000000000000000000
0x75FD2BEA5C16F587565770250d638d967f982953,3000000000000000000
0x767A60F295AEDd958932088F9Cd6a4951D8739b6,3000000000000000000
0x76Da9F88e63a85Ba8BFA19F3821D5A271753D3dc,3000000000000000000
0x76d2DDCe6b781e66c4B184C82Fbf4F94346Cfb0D,3000000000000000000
0x786694B02F1d331Be540e727f1F2a697C45b57E4,3000000000000000000
0x78A18DdEcDa44F7d298d9B37512ED8a7f6B226C7,3000000000000000000
0x7Ed7380023e63B1F59D546Fd9B8E982f2A31ca73,3000000000000000000
0x7bcD790D1282622dA859625F3786bE9F33042d50,3000000000000000000
0x7d4D64A7b34310D5Cfc19181b2A526cdCF462cec,3000000000000000000
0x8330A84D3C16A55302f921C36979B1067418053a,3000000000000000000
0x887C3599c4826F7b3cDe82003b894430F27d5b92,3000000000000000000
0x88Bd639d6B029596B029c61490F29f57b0bF4a3f,3000000000000000000
0x8a4a50B13Fd2cb36FeB96c408CB98B4c9F2b8F25,3000000000000000000
0x8bC8b4E4921101BcC56ec084b906069b73de7276,3000000000000000000
0x8c80c1FE10912398Bf0FE68A25839DefCaef588e,3000000000000000000
0x91A502BaE962c2C5DA1FeC8c4EC69f2A2A84a283,3000000000000000000
0x959f8c10f1858c47344DcaCa1F9850128Fdce825,3000000000000000000
0x987f05B5eEB8B30b02329D3888bebc3a7424e999,3000000000000000000
0x9Bc54B27D43c0DE1683ce9f9266D6bC22F687c3B,3000000000000000000
0x9Fc7EEACD27d38a436462BB43AD97E49106820D7,3000000000000000000
0x9b616Ac1D31F17Be9B23560d93699cA7732e2808,3000000000000000000
0xAb769309EbCEEDa984E666ab727b36211bA02A8a,3000000000000000000
0xB6bd1b9b3e6e3512BB354789289f6d8FBc0F65BC,3000000000000000000
0xB72eD8401892466Ea8aF528C1af1d0524bc5e105,3000000000000000000
0xC34aE1A39662415a4720d4A3e7C2Be0E202568C2,3000000000000000000
0xCB53a818042Db647cb01672751B0E4efCa29cF55,3000000000000000000
0xCEF28ce7884Ae973990fb826C1986afaa9319B9A,3000000000000000000
0xCc2005844AeABbd4d663f7C45C9bd1369eb062b3,3000000000000000000
0xCf2b7c6Bc98bfE0D6138A25a3b6162B51F75e05d,3000000000000000000
0xD5231D23eD357409a538541358A4A6a0496B22cd,3000000000000000000
0xDC6657A6e3eE8ec7004DADD99A7A030b975556f8,3000000000000000000
0xE1A2CdD4FB58Eee09da78Db898ADBaDCfE5f1780,3000000000000000000
0xE5c80A7963C0d8f4aB9c0bB8d854E47594Cf9394,3000000000000000000
0xEFde6a97AF618AD407211C3D5d494BC257948208,3000000000000000000
0xF01B0ddebd3C22125ac691489A856d7e562bA534,3000000000000000000
0xF7e8cAeFa7A22999AA7a2DFe7bE570DbB341afB1,3000000000000000000
0xFFd92144CAfD599A5A93E4805CA4d8f0E666D623,3000000000000000000
0xFe3Fd57379b65Ba4B0fe1E481e07E969153ACaE1,3000000000000000000
0xa1b1A631c0c1dD4899deC7C343Ee59aD21867803,3000000000000000000
0xa5b7891cfebDCf04B62Ede5D68E7cE524d4Cdc86,3000000000000000000
0xa734288DA3aCE7F9a5e5CAa6Df929126f2e67d52,3000000000000000000
0xa77CE92A601D504a6D64af843EB5a3994616969c,3000000000000000000
0xaE256cD2d13353e549d09aEA8D4105c8d1cc09d8,3000000000000000000
0xb4CaA764e2bf087f1a7a0ceC43250892022787d9,3000000000000000000
0xbAA32387bd55553Ec806622d524b12BbB8242a19,3000000000000000000
0xbEB439195367d87184733bAdb1f4F26A7df9C576,3000000000000000000
0xbd7dbb5886786AF713eBb1841323C528699BD92D,3000000000000000000
0xcb7958Ddf673Aa8f21614346d3E1c46182A9454d,3000000000000000000
0xd08Da3621A547d7D7Cb07425e6AA6679C566e40F,3000000000000000000
0xd83256a8BB182e7BE2382550Ed24861C71108d35,3000000000000000000
0xeFD67615d66E3819539021d40E155e1a6107F283,3000000000000000000
0xf4e22849bC1162082Cc7Ae62F23c25aCabEbfcEF,3000000000000000000
0xfAf6f09DF88E79fa2A92B18C676314b1e47A4468,3000000000000000000
0xfdc79905818Aa8e0ff637c2627C98B1E8B5A54b5,3000000000000000000
0xf7476Db5B717aC661C027e684456115ab1e728C3,3000000000000000000
0x9aC41e441131d8BAD5f165c2a8dd71e5F7BfaEA8,3000000000000000000
0x186baD94057591918c3265C4Ddb12874324BE8Ac,3000000000000000000
0x14Ce500a86F1e3aCE039571e657783E069643617,3000000000000000000
0x945294C67752BD0A453975c04e3078c487a858df,3000000000000000000
0xc9cA00D51b5E56A065d97922ffF86Ff96123685d,3000000000000000000
0x00493aA44BCfd6F0c2EcC7F8B154e4fB352d1c81,3000000000000000000
0x7f8c1877Ed0DA352F78be4Fe4CdA58BB804a30dF,3000000000000000000
0x81D98c8fdA0410ee3e9D7586cB949cD19FA4cf38,3000000000000000000
0xf3aFc2383a0B45ae73D77B49dF7F2184B1Ad4B90,3000000000000000000
0x0d6E94D085A597f316bE1833649e05a45103e873,3000000000000000000
0x5b02dA8420dd9F77a33C6E2b22Dc87fE22c17a30,3000000000000000000
0x049808d5EAA90a2665b9703d2246DDed34F1EB73,3000000000000000000
0xA92A40457E419c5EC245A646da09112cDcC6cfb6,3000000000000000000
0xb83Ac7549db7774aB59117483933bCF11f27C090,3000000000000000000
0x4A40Eb870DcF533D4dC097c3d87aaFE9f64490A1,3000000000000000000
0x2993E1D02b11377f44455AEdc618C705acbb0591,3000000000000000000
0x8847EBaaf29A18396e49191602f8d8D141b98aa7,3000000000000000000
0xB965d68052B849B29fE25497C51659BF9678bC9B,3000000000000000000
0xFA45D06f58A59F2775796ea6098E780ae87640f1,3000000000000000000
0xc88d7DC8Dfa23d3769f7e8241f761D09A10D9831,3000000000000000000
0x9FB438f1a292fbdaF4f569a8f2e2E2972c0172eC,3000000000000000000
0x9BB6aCEE72Ef687E9e0bB1B78C908526D967B745,3000000000000000000
0x44265daE5c21110b0dfDd421503CE3e1CA3280a5,3000000000000000000
0x14b889B25e70f60D8Dc0aa5F10c83680add61351,3000000000000000000
0xA99C4F924a167cdEc1486aa9920de70A48455Ab2,3000000000000000000
0x094e4b82a5722271546CCa99c8C351BD840669AE,3000000000000000000
0xF5b18c7BB5D760a7c899E0c48d855DC5A49f1949,3000000000000000000
0x3DF10334531A3c86590245e12Be0104Dd3459159,3000000000000000000
0x014607F2d6477bADD9d74bF2c5D6356e29a9b957,3000000000000000000
0x92a4F58009dF9eaC5f2AF6d05977683639f0060e,3000000000000000000
0x49E53Fb3d5bf1532fEBAD88a1979E33A94844d1d,3000000000000000000
0x07c2af75788814BA7e5225b2F5c951eD161cB589,3000000000000000000
0x185C034Bdc0ca1d66Dc75650D33DEA190315595b,3000000000000000000
0xE6C486eb5f5cC2C64b53AB6c3942986D648C9b89,3000000000000000000
0xF4844a06d4f995C4c03195AfcB5Aa59dCBB5b4Fc,3000000000000000000
0xDecd4b961B1984c44AFbADbE2844777A627572aA,3000000000000000000
0x4532280A66a0c1c709f7e0c40B14b4dEA83253C1,3000000000000000000
0x6C13FC8EF50144A21702415d57ece0A09879fCFb,3000000000000000000
0x18C6A47AcA1c6a237e53eD2fc3a8fB392c97169b,3000000000000000000
0xd61daEBC28274d1feaAf51F11179cd264e4105fB,3000000000000000000
0x5691CCeA44Fc4a53886fF1b8666c89321f73C49D,3000000000000000000
0xDa5B7F6d7c32DBC04e3eA7e0E9b1EED6342275B1,3000000000000000000
0xF2398a92aF4619843A08e3C34e5A23918EB4cD5A,3000000000000000000
0x410DCF5bc94A68C8de5Ae99c18A89a3a8946462c,3000000000000000000
0x10D2a2cCddbf3Ed58BA4722A30d97660A01EE270,3000000000000000000
0x16a3C4AB0db726beE89aD1b563b3eEf21C4C0406,3000000000000000000
0x327b9dEe1830F8201efa751fd96F7B1aD0b300A1,3000000000000000000
0x843aa999827ae6d187F8a5b6ab4afB1B1597551D,3000000000000000000
0xcd882Ea4a38968f5d8ae4d7c77d8C20317A2Dda0,3000000000000000000
0x38430336153468dcf36Af5cea7D6bc472425633A,3000000000000000000
0x81aA6141923Ea42fCAa763d9857418224d9b025a,3000000000000000000
0xc35B9b6990C4DAf088aD44036a42b2c3D6466687,3000000000000000000
0x94C99D650415CF4119Dd6398DBC160a4B3952c78,3000000000000000000
0xd353bDE2c00ca5EE95461031808aD34Bcb2c78cA,3000000000000000000
0x3AA6605d87f611E43aD0a64740d6BeF9b80FCD2C,3000000000000000000
0xe88cAc4e10C4D316E0d52B82dd54f26ade3f0Bb2,3000000000000000000
0x0c4243ca087F4e4738596F33292064e847DA80dA,3000000000000000000
0x81D4cf8A3892557e4a1571e97b88f0351eF0dcFD,3000000000000000000
0xfa2Df13a636b8F2FAaA179785797f1f16fDdF8ED,3000000000000000000
0x63D43942A69b961E398A0F7C260bC3718d320eE2,3000000000000000000
0x5aDFFa8A38adc0810c1D714624F8Ce52A3a27961,3000000000000000000
0x30cfB3B033dF25673b35Dc21a77329059d57a69b,3000000000000000000
0xD0B90DEE950195A846ec7d9F7ebC7f45CEc7B9cC,3000000000000000000
0xc343235Ec8143EAB788d706165D50082833FF137,3000000000000000000
0x4bCc7c54E4e8E9a563B92272A51bBFb5d233de32,3000000000000000000
0x3Ca8C469ff8156eeBB1518FA631bf8ebc5EE0688,3000000000000000000
0xdf8E030c3BE481be8aAd7D40F34A09524269266A,3000000000000000000
0x71e6B570A4CE5ab1AcE7BDF3Bb1E642955cbdacB,3000000000000000000
0x28235dE0121700a462B5098Cff7D3615b050551F,3000000000000000000
0x7125412Fc011D74C26E3CA768aB6224643702313,3000000000000000000
0x386f6B908640d9f394EF37bC1b8c3a4018fa3dB1,3000000000000000000
0xB159bEEb1DeA94440820F9A06A2f613974467e0E,3000000000000000000
0x957342FeBe16d72cE462Ffc649Bfc6fAF96e2da3,3000000000000000000
0x40385F27D90eb7A7FCa6F521176C6eBADBE57632,3000000000000000000
0x033e21B02373489ff2f7a2c2f1B109a1bC6158aD,3000000000000000000
0x4C024e5B3AE9B56319ed7c2D0F73A8535DDFF47e,3000000000000000000
0x071158363a80220cC3Cd2168e0b3ecFa7cDe6107,3000000000000000000
0x777bA383e74062dd7948A61471267E8e4370EA39,3000000000000000000
0xB2fbcF2Fb1Eb86464d60F04bEd4065404cD67e18,3000000000000000000
0xD5388291EAbe96b56069440C97046791E2F72573,3000000000000000000
0x1A4f547AeACB962B67Ec2fa35b803DA4F5f9b9D0,3000000000000000000
0x99c5E30533E8677FF4789bAB9Dae4a97FA30bC47,3000000000000000000
0xBa910716Fd4b6b4447AeA613993898eeB63844Ad,3000000000000000000
0x38c40EAd3D0Fe7959eb9DFE8337B3c4929884d2c,3000000000000000000
0x154DB26C46B35002f5EbD7b4A5D18B3290411B70,3000000000000000000
0xa8101F6Ec7080dE84233f1eE4fc1D6A2C1568327,3000000000000000000
0x0BacBAd41a499bADcD35eF1b7bDC951A119BBD86,3000000000000000000
0xe180d626a4229c1F1C4cb0278cE071dBcC172AdB,3000000000000000000
0x00b55EED88b14bf65b422DFA07fBc4941fC0178F,3000000000000000000
0xA8881edE6aE1404E62F20Bb4aA89e5b1a7E1EfD8,3000000000000000000
0xa166faFf77A6b23Afb23AAAf5f685F9C27896BD2,3000000000000000000
0xCA14410735e29650Dc240245D96Bb376c51477C1,3000000000000000000
0x0E8ea7AD139C5EB10C6D1076962617D458D0Aed6,3000000000000000000
0x616e6EC41bE589C7Cd08ee9E2fE8dD0Eaddd8941,3000000000000000000
0xF84c6f2577e78d45c97c3cEBCe80cd6cb9F655c4,1000000000000000000
0xBbE98D590d7eB99F4a236587f2441826396053d3,5000000000000000000
0xA5dF0cf3F95C6cd97d998b9D990a86864095d9b0,5000000000000000000
0xb5B069370Ef24BC67F114e185D185063CE3479f8,5000000000000000000
0x3070FeEAfD678751c29171Bacd0042Fb370DEE00,5000000000000000000
0x539629494be6b004d33d290E6243806750A3A2f4,5000000000000000000
0x406b607644c5D7BfDA95963201E45A4c6AB1c159,5000000000000000000
0x6EdA5aCafF7F5964E1EcC3FD61C62570C186cA0C,5000000000000000000
0xE93D59CC0bcECFD4ac204827eF67c5266079E2b5,5000000000000000000
0x80FC5137886375E7E5C9FbAAf3F1bfCF86BcE482,5000000000000000000
0x2B7839e74e8A9145e594810508006b3E856088f8,5000000000000000000
0x3FB19771947072629C8EEE7995a2eF23B72d4C8A,5000000000000000000
0x11cf2f033B079Fbb195425BfCb7D5dAc4dB2d752,5000000000000000000
0x995013B47EF3A2B07b9e60dA6D1fFf8fa9C53Cf4,5000000000000000000
0x84ad922d23A7613e0d25F36CB65CD5F92a155110,5000000000000000000
0xDD1E0799211d06217d4DdF34586f994CC9B4e6F0,5000000000000000000
0xCC81578d163A04ea8d2EaE6904d0C8E61A84E1Bb,5000000000000000000
