0x00c86e5946b60764dc788d1bfe778b9ddeb4f823,1000000000000000000
0x0125e36e0515a84b7a4cacb463829b8dd41bd314,1000000000000000000
0x046c5c8ebc7135bd8dca212332e56a6e7cbba6b6,1000000000000000000
0x0522afb5d3bae59b08fa6114dcc043a88aff12fe,1000000000000000000
0x077a53542518ad6f1aaa394dfbd9838979e48542,1000000000000000000
0x082098d8828057085a0a73f98ee0b8b28e575838,1000000000000000000
0x0ab4259f2d9c9c99c4b6475fd816958d8d75d32c,1000000000000000000
0x0d2e0083dde4d115f842c6cfc59ed17cca6bb7c9,1000000000000000000
0x0d4b85aaf7c51c31028a3962776bf4bf19e6b254,1000000000000000000
0x0e386c1d4e310713758a885d8f5d7d15868c1215,1000000000000000000
0x0ee951bc9d1b10afbf073bf246cce7d14346f652,1000000000000000000
0x11a7dcf5beb6c04e6ae72c74870c6ca3f0d1afd9,1000000000000000000
0x122b0c485fcb1473ab0230d4d3f1debf14c63602,1000000000000000000
0x124ac4be876bb5826cb3c9600b13611ae63eb427,1000000000000000000
0x139830e7249ae3e13db570616ab2c318873d3d11,1000000000000000000
0x13da6124c2ff01317de7b52b5a6d8f895e2fa2b8,1000000000000000000
0x13dbdaeab74fb5d43387c07beb020d0a6258e8d7,1000000000000000000
0x141711dd6fe5439d6445f402d00ae5f38e13b543,1000000000000000000
0x150765a99c5e0cf58e56ea41e92d110e2747002c,1000000000000000000
0x1646dbb2a9e4b1d0fe2a4693645e7a00a8e06ec7,1000000000000000000
0x16a281b6186874184bda0b30cb74a9a7badbed8a,1000000000000000000
0x1746a409007db41122952b379d290c941b780b46,1000000000000000000
0x188180ed74f4bde2c637ae3d13c9e83fb6c060a3,1000000000000000000
0x19b609959294a0d2f15b1b52054332260f82f3d6,1000000000000000000
0x1a693a0cc4f6af763540192a8027c9fd7496e7ac,1000000000000000000
0x1a74d0285a569120aa2836cb2b0fa58038adb800,1000000000000000000
0x1baf84b9f2a570f0064e4596497ef03e567b1a88,1000000000000000000
0x1e2acb5b873f844bdd0e824234513c85c906f436,1000000000000000000
0x1e5b5b57b5af659e6f8af0b886828679baca66ff,1000000000000000000
0x1ebd5e34c7fbcd4609f2d55ed0cb195762797f70,1000000000000000000
0x208be48b21338a25c0a7b10088637f4faf27b54c,1000000000000000000
0x20caafdb1e79c59dfb7f0bba086ddc4c3abf0f1d,1000000000000000000
0x22bb0802e65446358e035fbd5051082f61a13faa,1000000000000000000
0x23e01e05aa1376fa3ac83c954816b967a7302891,1000000000000000000
0x253ad24819a8dee866b8196dcc9326e5b7727f3d,1000000000000000000
0x2755f9fe42ec40d4469bebf5a8a468cbdb3cafd9,1000000000000000000
0x2a068f207215241f406d01c5b0f767ead62f28f1,1000000000000000000
0x2b7e9ff67cb6d9307aaa9041353c8292b43e7265,1000000000000000000
0x2be945848fa578100d8d4ae89563d2477d1abc5c,1000000000000000000
0x2db6a02417031ff8543d8c7f5805893fa1005028,1000000000000000000
0x2e0bd4f4a1492336104fb0951be37ce913a7f53b,1000000000000000000
0x361537cbbf190f33ba163059f3395a54c0071ed5,1000000000000000000
0x3651e1d02836774225dc229fa82fdfc40be91fc0,1000000000000000000
0x3722a8b1e2674fbba7081c84e39a5ce738b8159d,1000000000000000000
0x3832825bf1428a18a536d6bb11efb38d5608fc20,1000000000000000000
0x38a1531598d42076214d31c366df5c81ab4b5400,1000000000000000000
0x38dd4d1cf82b0943d1ed300a792900d252e21921,1000000000000000000
0x3a01aeaf23caa39d85e8e06b1938f4f1af282fa7,1000000000000000000
0x3e6cd1b0285ec73e8a0eaaade4247b311174fc37,1000000000000000000
0x3f2ec039571faf7e77f0511d4e2e5de086b30c4f,1000000000000000000
0x40e48fab6823e7837d9d6809758a4a714a8b8470,1000000000000000000
0x411aab879f792b261b0b2655d5d93012c1551b12,1000000000000000000
0x429e993b0cff743cdf34325e4dd8bbf45a4c262f,1000000000000000000
0x42bc42766e797183e12112c835779a289cd1a1fd,1000000000000000000
0x4310af09dbb2266f87443852667d6e3f1bfe66b1,1000000000000000000
0x4421732f66cc16ae99af08b0c917ac6d7c1bd2c5,1000000000000000000
0x459e9e7fa2631ce07a8369beeaebce0a660b9ecc,1000000000000000000
0x461337d4f089adf16455acb785415f6437da0c24,1000000000000000000
0x46a615e313bc85e7c8fdbb09dd4170240189ab64,1000000000000000000
0x46b87e535e388876a1c0566897046b470e58b0f6,1000000000000000000
0x48bb273a73240aeddb70814577246d379bf45faa,1000000000000000000
0x48d7e9b143a3cee16416f6665c5a635fa052a25e,1000000000000000000
0x4a83522fa94e5a0e2315cd1cc2fe65c1a5594131,1000000000000000000
0x4aaa86186eb72b55dd42788914d061014b9209df,1000000000000000000
0x4bd5631b8d021a14e8f7fbebc379963c494ec5cb,1000000000000000000
0x4d60914129c577e61d8db8e6de397f76a2c3a3f1,1000000000000000000
0x4e9cf73c35d4d2b70a3d97f4c90eee9a4c238abd,1000000000000000000
0x4ea84f9f1e42bcbd9bfeb651ddf3a5c293685740,1000000000000000000
0x4f50238eb2fab34abbabf8ac09f39aca22a8a2a2,1000000000000000000
0x509f5712f1226cc842293cc3662d7eacd5d9bcab,1000000000000000000
0x50dd26e658a51ecf05d97bbdf77794585cfce975,1000000000000000000
0x51882e0410e710bf974b719128c0e5f9cc588865,1000000000000000000
0x51893709cde4ae79ec0e369857bb92aa462bbb8f,1000000000000000000
0x525b5b7ffb0eb29d6d8873d4dcf3cdb938b8044c,1000000000000000000
0x52d30c9343cc53a11c9816a8ce06443e1181bd10,1000000000000000000
0x52e2efff0d8a4e0dab93b7eedd728cd858566f5a,1000000000000000000
0x5485dac30911d3bbe51bc61b84f723160379d49f,1000000000000000000
0x548fac51a7518ad8d7139b199fec71263340994a,1000000000000000000
0x5691ccea44fc4a53886ff1b8666c89321f73c49d,1000000000000000000
0x58712f8f354489f2917e190ef411d8cf0f8ff4df,1000000000000000000
0x597ffed7bacccfd7e63315a8912b7c0b84258c04,1000000000000000000
0x598b72add8ce3c1b3c4232a3bb2b53d12006031d,1000000000000000000
0x59f0ffb87065abffb493f0a9398f98744075ef66,1000000000000000000
0x5be657ea8afd72a2769b4621421ac52e946fcdf3,1000000000000000000
0x5ced6a8a9a3bcfa9cac6f45d4503f85802559074,1000000000000000000
0x5dd0fad326fd1c906744ed43f7f5e860f1681080,1000000000000000000
0x5e90f7cbc4b99a556bafe7ab63baf1a574888bbb,1000000000000000000
0x5edf12bbe15db61aaca7ce44f4f00bd49475ec60,1000000000000000000
0x5f367bf126fda56d88ba88a8978d5496c66b3569,1000000000000000000
0x5fc2b24bf275c4c4cd8cfd6c88d4c2df98d12934,1000000000000000000
0x60c1d93b808ea14e12d63f205a0b926f87d6a849,1000000000000000000
0x611bca8adca69b03adbfe733ef18b9bb88a5a518,1000000000000000000
0x614e3b16a168dc5fef2ea87508be6ee46f9bdc0e,1000000000000000000
0x64d8a6163ac5662b5024f60cbbd211147950264a,1000000000000000000
0x675ab3e815a0b9b6d7aa06366e9c9808a3253d83,1000000000000000000
0x6bfbb7a900617733d562fa24898f0c8612ecd988,1000000000000000000
0x6c1cb860da38441ebebcfde99bfe41c63992966c,1000000000000000000
0x6cd01362ad97c772467a7bd91e8f415f7b80ecdd,1000000000000000000
0x6df76a4186cf6605839c55ec247cdd59b4cff508,1000000000000000000
0x6e2fbd627674f1565649e80c9328fab6c2f61221,1000000000000000000
0x6f8b3e110995daf3c3b48b10e106a7860f3ecaca,1000000000000000000
0x703518c0b200f99feca73743693b96f3f2d02e90,1000000000000000000
0x707534b27ecad35667b6d875b6df955f0b0ab915,1000000000000000000
0x707d47aeb7625b2950138dbf9ad4a870fa2f8a38,1000000000000000000
0x70a189b9f58e8835ac949dc625e10327185658e5,1000000000000000000
0x7128abfd6ec21f93d57992690c3f7673c3d8db92,1000000000000000000
0x77fdb865d942079c0c3baa638f20189990424de9,1000000000000000000
0x79e3b45f7d022c91bbd81c135489e1bfb08d6b15,1000000000000000000
0x7a113baff3da1833cbc3ccf642754c35e8e430a5,1000000000000000000
0x7c64c7e5fe83274d6f55f1e4857ba3061de42ab9,1000000000000000000
0x7cf929b088f6b274f5b88bde7060f87b0ca90b52,1000000000000000000
0x7e23a710adc8e97ec2a776c40d8875aa3769575f,1000000000000000000
0x815e2c87dbd02c21a782bda50777523f91eeeb78,1000000000000000000
0x82847117162a919b460a622aca0af8a8b2e1d7e5,1000000000000000000
0x868ba3d6848c16becbea24fa7e35d7aab8b58776,1000000000000000000
0x874b4d95fc58abdaf2cdad3a37f5d5f923ee4618,1000000000000000000
0x8806d2ed87398bee00bb044c882406ba8ead0d5a,1000000000000000000
0x88dda000a73cb5ae14ee0268dd11ed00cd282def,1000000000000000000
0x89b7e599630f11fef1a03d5b99500e0c42c617ca,1000000000000000000
0x8bfa2e0789f3f4d1ef2bdc86c5c7ea3885c1f2b9,1000000000000000000
0x8f43d236a48a52771a095e2d0f1e8b23dbcc5f65,1000000000000000000
0x8f4a3cea67b0bfd91605bab6ff55b060186bb9e9,1000000000000000000
0x8fdc165975b4144eef5b9a3fc450349fcfe1ba91,1000000000000000000
0x90c311e132db3bbdd2d419062cccc25a88972ad9,1000000000000000000
0x92a23c9a1dea13c62006134c755ed6055b5acda0,1000000000000000000
0x935914ad4a126647af35378384d70c741892a5fa,1000000000000000000
0x93d2ff9023482a23598ade6d8bf04400a61c2136,1000000000000000000
0x9521b350e14d84ca466e0eb7afbff17756a9d653,1000000000000000000
0x95fa51d7b11b627671125f570a6c80733160d679,1000000000000000000
0x97d75761597c527a6c3135e1e2300430ee1bc726,1000000000000000000
0x9833b9c06822565eb58a879122a89e8fc3196c6b,1000000000000000000
0x98926d7953d334aaccc0684602d94d120565b7dc,1000000000000000000
0x9a0965916851cd6582a8a8cdb9a1c2a1614492d6,1000000000000000000
0x9d7256b5201232cc7a5fe0322a09bee9cafa53bb,1000000000000000000
0x9fd7a5b3b0a7f7187ef56a7ca289cdebf53d4da4,1000000000000000000
0xa084732ead05443319c1b2e8334cf7aa42525682,1000000000000000000
0xa13ad303e93bd7fda46e4d189925cc1a8afe6119,1000000000000000000
0xa1aaa143add0afc056ad50f115cac2a4128adf21,1000000000000000000
0xa45e4da10f86579ff2d37cbf29fc7b27c08a22fa,1000000000000000000
0xa4bd9ab9dfa0b875e85d7b4d63e1cc015cdfaa84,1000000000000000000
0xa4e6eadb8573492282e6ded5efd53a12981d4182,1000000000000000000
0xa639add0b05559bf4c3acb4632ef9124014f88a6,1000000000000000000
0xa689100c8febcbdc92137b6a6bbbfda305a6d319,1000000000000000000
0xa7ec38b78a1cea645fb4e53d5bf9358dd0805748,1000000000000000000
0xa9811f9f6b8bca7f9f91f850a98310e63fbb7326,1000000000000000000
0xa9f078b3b6dd6c04308f19def394b6d5a1b8b732,1000000000000000000
0xab7be9be0fd946e91e37c733800439e61d4fec8e,1000000000000000000
0xae25cee0956a245266d77b792b6d106ffe03aafa,1000000000000000000
0xae2b28607a11cff20329bacf587b418a52e68353,1000000000000000000
0xafddcf1552635a7001a146fa334f81ef4953e409,1000000000000000000
0xb17a11a1ab85b6e2b9844f20c292022f70786034,1000000000000000000
0xb467ffb18244536b10ccfa0ed1bd261323a063ff,1000000000000000000
0xb50d6beef9369057bdbe88ce2fb03774e5fcc8bb,1000000000000000000
0xb5edff66370005ea1eb344652b3f53dac43e7926,1000000000000000000
0xb7eba91e21325d16eae515948990fbe69e8cd181,1000000000000000000
0xb81cc1b3668e0a4ebfcc91142db1019cc0ec3a03,1000000000000000000
0xb8deaede50a4a40d71217d028cc4eaccfe718b5f,1000000000000000000
0xbf9c0baf3c9156792f1e404410a7dfd6adfd0852,1000000000000000000
0xc00666ea09b7ae16957a51952a2ca075cb6f95a6,1000000000000000000
0xc2971fe806ce4438da09e21fc7be7fb121cf7e13,1000000000000000000
0xc4f13f6d8711936edb9822d0be804c7315d3ef37,1000000000000000000
0xc6918dd9d852e8c061d8799a894b5dbd1d6713f3,1000000000000000000
0xc9001cdfcc19e16d63df901b4da1fcc77e6e5cf3,1000000000000000000
0xca033dde99df3047b43ba2fd080d3454d8786f7f,1000000000000000000
0xca16c355d32aaafae5de49e39ebd4c40977a67ee,1000000000000000000
0xcbb7c9769ccc152c4ffc38b1680177b3745eb261,1000000000000000000
0xccbb790e16e1fcf65ff555b71a004201ed9c954d,1000000000000000000
0xd253356d861c243c67445c77cc8c9a62e1c2ca3a,1000000000000000000
0xd353bde2c00ca5ee95461031808ad34bcb2c78ca,1000000000000000000
0xd385890bb9beae40d902a890ba04e8d1f87f10cd,1000000000000000000
0xd4463f81db2d20bb5b208949d1ac30281c5545ea,1000000000000000000
0xd4e51c07357114e6d6058cc752115967ef18f99b,1000000000000000000
0xd60cade1dfbc4bd2852b42209d2062b96b31e25f,1000000000000000000
0xd6c3280e7b610b58ebd4c36ca707d717c2683c3e,1000000000000000000
0xd751ced587de8f2d61cc294293bdb937f1759d4c,1000000000000000000
0xd7a1ea3a15bc6d6e64e7001f1e87a47f2a3308bf,1000000000000000000
0xd8228324f502a9595b2dfbf9ae9add22377dcdfd,1000000000000000000
0xd908c0b105a237c790d805c87c2eb960283866a1,1000000000000000000
0xda12af5b30cb69cca8579326db7ad409d2670b6a,1000000000000000000
0xdb86b02928c47cb1c1d231b21732e6c639b28051,1000000000000000000
0xdbcecd4d8249c6b9843e397f6d9bbcd576b1f096,1000000000000000000
0xdbe9d7cf2372a8afe1dfcadcf383523f0e87ef6d,1000000000000000000
0xdcf15bf4dde76fe2bd20878d0d62f36360a6474f,1000000000000000000
0xdfe2b668c6d4a3fa785f86cb2c64e54e30c16cb0,1000000000000000000
0xe18173b6e3f018a66500e719ecefefa97ef92032,1000000000000000000
0xe1e93f60bf1ee0c83f0ae375223eb03e814a3ab7,1000000000000000000
0xe2bbe5f1538a7c1a8df82a5ae9becf978023a30e,1000000000000000000
0xe2ee014bfb0aeb3cab7342044e4a33168c7d1b53,1000000000000000000
0xe327ad1aa718ae837be5b9bddebdcb321c7609fd,1000000000000000000
0xe3813f624f23cb2f5869f2cf39139eeea6e08136,1000000000000000000
0xe5765e2329d23a731feaf920ff02993b1da9f2a7,1000000000000000000
0xe57b51630d51a72fd8e9ea14d991cc0f1edec990,1000000000000000000
0xe6309e9061114fe892e11214c0827320884ec988,1000000000000000000
0xe83ef7bbf1f5d6bdb49bf7f2f2bb582e6b2a61dc,1000000000000000000
0xea173f401253436102da7a77548fc99322bd76b8,1000000000000000000
0xec8b674534384315f0c0e824fc7a8afd9dca6182,1000000000000000000
0xec9146b0d06ff6d504abfdf310ffba49096d3409,1000000000000000000
0xeebadbd52a7a2f91f03f75f4b4a90db57bc63358,1000000000000000000
0xf1851d42e2b592d9ac8ad8eca957af891d1640c8,1000000000000000000
0xf3bbd2ff9c7da3a8660f3a14502fadb90fe6e775,1000000000000000000
0xf698f89c63b90feee8d2548952dd9aaeea1f542f,1000000000000000000
0xf7dd5e140ddc843dea9857cd2b6bb7d16d5a6094,1000000000000000000
0xf85eaa24be0b4e24efcb30ebb9dc126a0d0e2650,1000000000000000000
0xf8fb52806a62b2aeb3338ce0524915304d5932b3,1000000000000000000
0xfbb65f27ec786c1c387f1052b67e63f0f7f0142a,1000000000000000000
0xfe042b1aeb471cff2e1a6709e5682533d19cbcc7,1000000000000000000
0xfef171e25b6422f102bd6a68b807df01117f06cb,1000000000000000000
0x4f62aC9936D383289C13524157d95f3aB3EeF629,1000000000000000000
0x41a2180c2f7b4E20ff1759868E8859e11d47B04C,1000000000000000000
